Store,Container_404,Bad_Subs,Nil_Pick
6946,33,6,126
5614,27,12,340
8835,36,8,174
8240,37,15,340
5966,18,9,199
8669,39,6,320
9699,32,6,178
8848,27,5,249
4135,42,9,314
7497,45,4,255
4865,43,13,187
6861,29,4,274
6546,37,12,256
6513,27,11,119
6544,28,3,119
7832,21,9,195
8428,29,11,271
9959,38,12,142
5613,37,6,177
8354,40,15,234
7158,22,9,120
6547,28,5,337
8298,40,7,187
7661,36,3,268
8951,25,10,349
7002,41,13,291
8960,31,12,234
9803,35,14,202
5568,31,8,213
7960,22,8,149
7007,25,5,336
7028,15,6,243
9890,41,14,189
4388,39,10,309
7384,21,5,274
8537,31,12,311
9789,39,3,312
8251,33,4,267
6787,30,11,317
6076,36,10,230
6779,30,12,343
8944,25,14,293
5391,41,14,265
7585,31,14,299
5749,38,9,247
6128,27,13,341
8135,23,10,132
6358,16,9,119
4496,29,9,184
8153,29,15,261
9662,18,12,272
6134,22,14,262
4401,45,6,288
4417,39,4,257
7459,16,13,175
8023,29,15,223
4492,27,15,309
4953,45,6,231
7533,44,7,187
9634,34,12,211
6512,25,6,318
6998,22,13,301
7469,39,9,183
8280,16,4,317
7141,26,3,265
9038,20,15,240
7657,32,11,274
9164,25,3,134
9819,33,3,195
7340,38,7,259
8691,41,6,223
4688,37,5,295
8896,26,11,152
9069,15,10,179
5996,45,11,228
5614,37,15,178
8082,39,10,197
5201,20,5,322
4806,24,6,162
5474,33,8,165
5776,40,15,262
6594,43,6,210
9231,43,11,156
8354,44,8,153
9275,34,10,297
4469,32,8,153
4172,39,10,345
4732,41,6,314
8948,44,15,142
4513,37,4,232
4288,17,9,238
8367,38,14,183
9469,45,5,259
8454,38,4,337
5380,37,11,175
6702,18,11,181
5299,29,10,317
7194,37,8,259
5386,40,11,247
7874,16,5,280
5137,36,13,299
5638,44,12,293
4028,33,13,268
8356,34,9,155
5868,24,4,314
6562,15,10,199
7490,18,11,203
8391,41,7,283
4268,35,14,237
8391,20,5,270
4570,29,11,140
5615,44,6,331
5751,31,3,173
4549,15,6,130
8463,21,15,283
9630,21,3,320
5474,26,14,261
4244,21,9,300
9632,16,15,121
8630,15,12,253
8530,15,5,238
4637,39,13,160
8424,40,7,193
4973,23,12,128
5196,22,8,120
4649,18,12,285
4246,35,3,128
5321,18,8,193
6045,38,3,173
9451,40,7,161
9062,37,14,226
7006,28,7,150
9640,38,9,241
7093,44,3,171
7584,39,12,240
7492,44,10,275
8417,25,4,220
6787,30,3,300
8821,38,9,146
5870,27,15,149
6043,33,8,117
5770,22,7,270
6983,45,3,153
4334,42,11,221
6262,29,15,346
7625,45,15,191
6756,18,7,206
7092,41,5,254
7696,24,15,191
5844,20,9,122
6746,34,9,215
6676,16,6,264
6869,33,10,345
8159,34,14,265
6898,20,7,290
7452,37,8,304
9872,21,6,340
5592,41,4,197
7834,45,10,130
8637,33,10,214
9213,36,9,312
5534,32,12,223
7220,37,15,229
7788,19,9,266
4788,37,11,228
7041,41,3,319
4628,44,4,345
5147,26,12,149
4920,15,7,310
6828,45,3,255
5908,37,4,204
5954,23,4,232
7221,32,12,208
5708,21,15,272
8033,30,7,317
6593,32,3,204
9109,22,14,276
9054,24,13,146
7833,26,5,229
5771,21,4,226
6979,31,8,177
5385,31,14,256
9140,36,11,260
8434,30,7,231
4929,17,3,334
6913,37,5,228
6628,22,6,234
4093,44,4,294
7811,20,6,213
7436,42,9,328
5898,31,5,139
7534,27,4,198
9779,28,4,289
7794,32,14,138
4757,43,5,217
6673,19,12,225
5030,23,13,309
4940,36,14,306
5351,29,7,285
6521,31,4,226
5722,33,15,216
8694,28,12,237
8239,39,10,174
6220,26,10,228
6083,38,5,170
6882,36,9,130
7456,17,8,266
7318,23,15,302
9227,31,7,202
4967,33,13,150
8839,31,15,299
4361,16,13,164
4244,24,8,210
9564,35,14,281
9475,21,13,334
4930,20,9,323
5514,41,7,144
5683,28,5,234
5469,35,9,167
5815,18,13,316
6033,19,4,235
6884,37,11,275
5766,15,4,256
6364,17,9,178
8788,24,12,140
4158,29,10,124
5347,15,3,285
8702,44,5,263
6600,32,6,143
4839,19,6,130
7887,26,8,125
6330,22,6,151
5181,45,5,237
4942,31,14,326
9641,24,8,215
6923,19,12,163
9578,31,6,252
4331,32,13,155
9083,38,4,240
6804,29,15,168
6398,39,9,320
6173,29,13,176
5770,26,8,148
6285,23,9,343
5865,26,8,123
9855,41,11,288
7287,28,7,199
7484,26,15,256
6339,20,10,292
7412,38,8,143
8785,44,7,271
8959,21,10,222
6689,38,14,138
4531,31,12,319
9455,20,14,332
7945,16,7,129
4275,25,15,282
9127,15,4,192
7855,30,4,135
4969,35,4,284
9463,39,11,223
5186,38,11,185
9503,23,12,122
4695,41,5,243
6412,26,4,192
5214,37,14,181
5532,42,6,349
8726,23,11,173
9864,18,14,242
7603,15,12,146
4882,44,3,232
5388,30,13,211
7394,29,7,266
7192,26,6,343
5704,20,8,127
8632,25,14,144
4552,20,13,235
6581,21,3,230
8719,18,11,126
8556,29,14,338
7032,33,3,124
6217,33,5,151
4300,24,8,143
4214,42,11,293
5236,18,14,297
7214,36,9,195
9194,33,9,336
8701,39,13,270
6815,32,10,140
9113,40,12,241
9594,25,11,203
4111,37,3,164
5095,35,6,259
5482,30,13,284
6347,38,13,118
8421,42,3,153
5812,21,7,308
5543,37,12,229
6382,25,8,281
9703,18,10,266
8678,39,3,266
6119,22,10,211
4702,18,5,155
5085,35,12,205
4834,20,11,175
6366,16,6,180
6739,17,10,231
8323,30,13,135
8547,18,6,161
6415,29,7,135
4979,32,14,299
8395,34,8,299
5072,18,5,304
6960,17,3,300
6666,33,11,217
7790,38,13,201
6929,37,15,233
9112,21,12,324
5574,36,8,281
5258,17,12,281
6638,35,6,247
5082,44,15,150
5779,25,7,276
6327,24,15,230
6184,43,10,183
7992,39,9,198
8344,42,14,327
4891,34,8,163
4139,30,14,119
8378,42,7,277
5704,36,3,124
8768,26,11,295
4772,31,11,229
4544,34,8,151
6409,25,12,154
4573,42,9,201
7699,45,14,336
8094,22,10,299
6630,41,14,261
8738,40,9,127
9715,27,8,178
5475,33,12,283
9959,38,10,155
6661,16,15,314
4671,18,6,158
4461,19,5,344
9496,15,4,320
7008,44,10,143
4649,37,14,169
9352,20,11,268
5376,32,8,188
6134,15,3,144
7382,27,10,157
6122,45,15,211
4307,43,11,249
8812,16,15,249
7066,31,3,250
8231,44,13,140
6599,27,12,183
5866,30,11,137
8073,22,9,337
9845,22,5,118
5538,40,4,315
9080,29,15,252
7345,27,5,287
6148,39,5,330
7054,23,8,238
6123,18,15,329
6246,17,11,142
8472,27,6,178
4519,20,5,313
9275,23,13,278
4305,23,14,258
5938,35,9,169
9123,35,11,319
6867,20,7,256
5787,19,7,296
5057,26,15,167
7329,31,6,251
9233,20,11,131
4168,20,10,349
8718,36,7,347
9983,44,6,160
6366,43,14,282
4166,34,13,226
5666,39,13,165
7958,20,5,224
9932,41,8,252
7464,44,13,292
8178,23,3,205
4200,45,6,160
9590,45,7,284
6678,26,6,322
4582,29,7,145
6155,27,13,214
9344,25,15,181
6307,40,14,271
6334,42,12,276
8670,26,12,135
9031,17,8,276
8563,42,4,173
8949,33,9,285
6689,35,15,253
8145,33,6,199
8794,27,12,152
8979,22,6,333
4570,15,11,288
6810,20,3,141
9509,16,3,240
5147,35,3,191
6673,35,14,170
5139,31,14,255
4796,40,15,347
9032,26,12,203
8037,40,14,137
7674,34,9,218
8376,34,5,289
6299,26,9,348
5944,18,13,181
4103,29,12,186
8568,37,6,248
7550,16,15,181
9728,17,12,222
8957,20,5,220
7883,16,14,225
8578,45,7,280
9881,43,7,295
4683,30,11,282
9565,18,13,268
6625,41,10,145
8841,23,4,121
8948,32,14,169
8128,30,9,215
4503,19,8,146
4500,40,15,239
5671,30,13,265
5487,38,9,332
5929,30,9,180
4713,22,4,295
6615,27,10,327
7124,19,15,186
9561,26,10,160
5515,17,11,345
9447,20,8,261
9990,31,10,245
4945,29,14,313
8652,44,8,130
9479,31,15,301
8160,35,12,285
4112,27,8,301
8160,42,7,223
8836,35,5,153
8614,24,6,219
8606,17,11,142
6731,26,14,315
4377,40,6,214
4568,20,7,180
4306,21,12,304
9605,41,7,189
5170,40,3,218
8852,31,5,303
5078,15,6,302
4592,35,15,319
5454,22,13,180
7345,27,14,258
7959,19,4,313
7212,23,6,245
9195,17,10,264
8391,26,14,176
8265,25,14,168
5381,17,8,229
8611,33,9,191
7236,30,5,132
8507,40,6,318
8838,30,12,305
9162,15,8,330
9966,25,12,142
4827,28,4,175
9624,27,12,251
4885,27,10,141
5509,44,14,179
8166,21,7,157
6953,22,5,231
4211,32,13,278
4391,39,7,147
7817,27,3,351
4989,18,5,276
4823,44,13,327
8721,41,14,232
9131,38,13,279
5605,18,7,196
8742,43,8,173
4567,34,13,282
7092,25,6,221
9726,27,14,325
8130,15,7,336
9633,15,15,226
9319,23,13,121
8410,41,7,123
6575,19,5,292
6229,31,9,171
5798,31,14,252
7422,17,12,244
5246,32,7,216
8110,36,11,296
9639,24,14,130
9756,44,7,162
6147,41,7,143
6342,35,4,207
7732,40,5,244
8087,17,11,244
7614,31,7,262
6424,39,11,271
5309,32,11,254
6286,18,10,121
6010,16,13,236
4933,31,8,194
7219,36,12,159
4040,39,4,338
8349,30,14,274
6744,45,10,346
9184,40,7,133
5975,24,5,287
9970,16,4,266
7210,34,14,345
5353,29,3,141
9968,32,13,323
8071,29,11,252
4593,35,5,268
5300,35,12,335
4193,42,14,241
8064,17,8,190
8961,42,9,122
6947,24,10,154
5720,40,10,197
7629,26,7,326
6818,29,8,288
5554,25,6,220
5053,19,15,180
6633,43,8,176
9787,15,14,187
7489,36,13,222
4035,22,13,329
4091,37,4,320
7339,32,11,126
5383,28,15,161
7392,43,5,215
9337,31,8,227
5574,25,4,226
9709,34,5,258
6676,44,14,264
7506,41,15,237
7888,23,13,175
8046,40,11,189
4304,31,14,270
5082,19,14,130
8074,40,15,187
5850,36,11,304
6784,39,7,267
8787,20,11,241
9071,30,5,135
6435,29,14,325
7795,33,9,206
4275,41,10,334
8307,32,12,210
7338,27,9,235
7313,26,10,334
8347,43,15,150
6095,26,10,129
5006,42,15,237
6589,19,15,286
4337,33,10,334
5719,25,3,347
7843,43,3,188
8877,41,3,341
9658,23,3,273
5532,24,13,231
6873,25,11,177
9064,23,12,227
4035,37,11,190
5928,28,7,168
4262,43,12,243
9989,43,10,286
5595,38,15,146
6514,23,3,327
8617,40,15,281
6725,40,12,179
8914,39,5,347
4465,27,12,263
6084,43,3,145
8909,26,5,219
8736,28,9,339
7001,23,11,224
7117,42,7,127
9224,23,9,331
4330,18,9,263
6903,42,11,126
6292,29,13,190
6518,15,13,158
4375,15,10,228
6510,45,11,322
4511,41,4,245
7781,28,14,222
9660,34,15,191
8594,40,4,199
5531,37,8,258
5179,18,14,197
8910,39,9,138
9986,17,4,330
8954,37,3,312
5807,43,3,195
9562,30,12,191
9277,38,13,258
8545,40,7,230
9629,21,11,325
6974,34,8,301
6110,30,11,235
4632,23,13,200
4033,38,7,249
8268,39,7,314
8807,34,13,337
5831,34,4,137
5315,18,3,259
7973,25,11,284
5095,37,7,321
6591,22,10,215
8206,29,10,291
4400,31,8,261
8398,38,8,173
5919,42,11,199
6580,35,14,334
6941,19,5,245
8271,26,4,148
9305,28,5,190
5865,30,8,250
8202,42,11,252
8934,40,11,134
9519,39,8,124
4880,42,5,214
9314,27,9,193
9460,23,3,128
9410,34,15,346
6049,21,5,227
7633,16,8,344
7638,29,13,248
7703,26,13,236
9937,33,12,153
6623,39,15,278
6239,39,13,293
5635,43,6,210
8940,25,5,153
4035,16,9,225
5858,43,7,242
6560,31,3,295
4684,21,11,343
9052,20,15,136
6527,22,6,159
9016,21,14,130
5970,27,9,348
7004,41,10,219
4518,25,14,325
7266,45,8,168
7849,17,8,351
9893,26,3,154
9525,17,13,290
8658,23,3,251
7741,31,10,338
4851,40,7,205
7160,24,8,328
4451,43,4,134
7990,34,14,332
7129,42,3,139
5467,15,14,336
6289,41,6,218
8077,40,8,189
5845,26,8,276
7062,18,12,166
5511,18,9,331
7455,41,13,161
9639,39,5,346
5877,43,5,143
6733,29,5,180
5979,26,5,351
4500,29,3,183
6858,43,5,282
7738,35,13,293
8192,15,13,309
8783,22,7,328
5973,34,14,341
4568,16,7,234
5532,45,9,223
7684,33,7,323
8820,25,14,128
8447,30,11,200
4843,35,15,194
7502,37,6,121
9440,41,13,159
8806,38,6,285
7226,25,5,325
5759,40,15,169
8365,28,12,245
7891,39,15,157
6770,37,8,275
6052,26,7,304
6780,18,4,137
7006,34,10,230
9580,37,10,210
5589,25,9,274
5223,45,14,180
7084,43,10,159
7433,44,14,196
6652,37,13,286
4433,33,5,290
6053,34,11,329
4045,33,15,328
8610,26,9,139
8340,32,13,220
7106,16,7,287
6042,32,11,333
7104,18,10,349
4678,33,6,228
6761,36,3,283
5653,38,7,211
8863,28,11,348
5636,34,9,131
7185,30,15,180
6636,21,11,349
6011,15,8,125
5347,37,4,282
8770,29,7,207
5390,45,10,305
7551,38,9,337
6203,24,11,281
7955,15,15,258
9143,20,12,337
5080,22,11,196
9367,20,9,128
8286,17,15,300
7828,25,14,312
5989,22,4,323
8460,23,3,310
9564,42,12,156
9599,16,11,261
4406,17,7,248
6063,28,8,328
5114,20,8,225
5010,22,6,273
4104,16,8,297
8788,27,9,171
7120,37,8,345
6340,29,11,293
6665,19,3,276
5442,21,7,122
5301,26,14,310
6750,35,8,196
4948,37,3,324
7773,25,10,269
8518,40,14,290
4400,25,7,141
8931,32,11,339
8064,28,12,312
7818,21,11,224
9039,38,6,238
8237,20,9,289
4180,18,14,222
9419,15,12,142
8535,24,14,195
5254,29,5,224
4118,20,6,346
9103,33,15,124
7904,24,6,238
8187,15,10,120
4925,22,7,252
7794,25,15,232
7100,27,14,254
8434,17,15,133
9584,23,7,222
5211,24,5,322
6931,15,7,314
5476,29,4,307
8358,42,13,259
8492,36,8,339
4117,35,8,140
6186,35,4,287
8661,43,15,311
7978,44,3,310
4996,30,11,265
7605,40,6,162
4853,39,10,277
7905,16,11,328
4739,26,8,262
6161,19,7,132
6064,23,6,216
8511,28,5,170
9471,32,15,229
4655,32,3,337
4554,43,4,173
6255,32,6,348
7221,21,15,182
5008,31,10,179
9609,36,3,224
9350,44,6,248
8809,44,6,163
7107,39,6,273
6699,15,9,156
8984,21,15,274
6220,24,9,179
7158,35,3,321
6256,21,15,186
9968,24,12,280
5744,27,3,206
8421,43,15,213
9827,21,5,271
4096,19,4,236
7728,42,4,304
7787,22,8,287
6390,26,14,136
7571,18,6,319
6686,25,10,225
6835,40,6,282
7646,36,3,259
7058,41,4,317
5205,39,10,314
5221,42,6,340
7434,24,9,124
7925,32,9,156
7416,30,11,151
7904,28,7,193
5834,19,13,119
9324,29,5,159
4523,35,13,129
9319,24,11,337
4101,34,7,251
6380,28,11,169
6311,39,14,192
5776,42,10,300
6244,21,6,193
7903,16,6,202
7240,27,13,123
5862,16,13,295
9929,16,3,231
4045,40,14,227
4642,33,14,132
6629,37,12,258
4856,26,14,193
4028,40,15,310
9499,29,3,283
8540,42,5,130
7760,18,12,250
8825,18,3,167
6539,26,3,192
5745,28,11,275
8276,21,10,192
9485,42,5,231
4959,45,11,137
8900,32,9,280
8604,28,8,211
9178,33,7,303
4306,36,9,350
8389,25,13,301
5596,36,8,132
9984,22,12,149
8959,31,15,189
8978,23,7,157
6247,36,7,160
6102,30,13,296
9567,38,9,263
6966,16,5,205
4214,35,10,320
5091,40,3,223
7394,45,11,325
9087,23,13,291
4794,41,6,271
4759,32,15,212
5890,43,10,277
5553,40,14,271
6213,21,3,319
8472,38,12,177
7982,16,11,293
9932,21,9,287
9172,16,15,165
5074,30,13,337
6958,41,15,314
7927,32,4,337
7470,25,8,132
8786,15,13,319
9234,40,4,331
9423,39,10,276
8163,33,5,189
7893,45,11,118
8003,30,12,311
5204,45,8,274
4664,39,7,139
7015,21,8,323
4110,20,10,146
6212,26,6,285
7371,31,9,319
9639,41,10,268
6882,31,15,196
8995,33,3,325
4536,27,13,235
4627,29,3,191
6518,31,9,251
7104,18,10,341
5345,36,14,260
4069,32,7,233
7715,17,12,332
4397,39,5,128
8232,38,15,169
7981,41,5,187
9443,34,15,320
5939,19,9,206
7814,37,7,309
7628,26,6,130
5728,29,6,290
4239,43,6,230
7968,21,9,127
7853,34,4,188
6990,21,9,348
5209,18,4,292
9520,32,10,226
7463,29,10,202
5495,39,3,225
5737,21,14,277
6309,19,15,186
7992,15,14,165
5871,27,11,349
6592,41,9,348
6647,20,5,329
9511,28,8,195
7535,28,4,137
4177,37,14,341
8387,36,5,272
8652,26,13,313
7251,15,10,267
8033,44,11,298
6903,33,3,274
9598,27,6,161
5305,44,8,274
7356,37,7,167
7403,28,15,218
5945,16,13,287
7398,32,15,240
9828,39,15,268
4495,36,13,171
9672,41,5,137
7429,23,3,321
4081,44,15,312
8910,29,9,168
6673,42,10,183
9217,22,9,196
9450,19,9,300
7075,33,9,324
8226,44,14,144
7248,38,7,206
5252,24,5,136
7787,29,9,284
8467,22,11,330
4708,30,10,314
8087,38,8,199
5425,16,6,192
5525,38,3,130
8819,34,13,288
6488,31,15,337
9119,36,3,145
9271,35,6,262
5994,22,3,125
6988,45,9,143
6018,24,5,348
6731,42,9,315
4793,21,12,343
5821,34,4,300
6452,40,4,132
9847,22,15,307
4817,19,12,233
5212,26,12,246
8590,35,7,239
4129,33,8,255
6487,20,13,229
7663,40,9,202
7044,38,5,326
5986,34,8,247
7302,41,13,235
8974,35,7,322
9222,22,10,185
9311,35,3,247
9616,35,13,310
8886,27,3,152
8944,20,14,226
8477,16,11,207
4287,15,11,152
9741,39,3,316
7304,32,13,197
6644,42,15,225
4208,18,14,163
8395,21,13,138
4244,38,12,206
7702,26,4,250
5807,41,9,202
6662,38,7,161
4391,24,12,269
8513,25,7,209
6257,29,4,240
5275,27,8,231
9529,22,11,282
8922,25,5,335
4005,24,3,192
9163,25,5,293
8306,27,14,315
5801,42,11,341
6210,35,13,296
5403,31,5,210
7456,41,15,182
9138,25,14,128
9738,19,8,238
5569,44,11,142
8850,21,11,257
7356,20,13,322
8672,21,8,282
8318,41,15,148
9791,23,13,198
7485,31,13,216
7857,35,14,226
9947,35,13,302
8385,42,5,174
6177,40,10,321
7279,27,11,252
9276,38,14,340
8450,23,5,279
7664,35,3,294
7566,17,15,299
8759,36,7,185
9803,33,14,136
4834,17,6,257
4938,33,7,130
8131,41,15,306
8283,27,8,282
6038,32,3,127
7474,34,8,121
9170,30,13,331
6587,37,12,251
9978,42,10,186
4879,41,5,221
6578,28,14,144
6983,36,7,228
4233,35,8,349
8998,33,3,215
7395,21,4,209
8816,45,6,177
8701,32,10,257
7216,27,3,156
7401,26,14,128
4699,23,11,146
4473,24,13,221
9345,16,13,336
4641,15,10,179
8905,43,3,178
5863,17,12,307
5069,34,3,195
5732,28,14,312
9271,33,4,309
7469,17,14,129
5830,37,13,343
8990,24,3,121
5704,22,5,154
4214,33,3,169
7989,28,15,348
9501,25,15,312
8365,28,12,273
9780,19,10,142
7921,18,13,287
9222,41,13,227
4547,32,3,331
5296,36,8,351
7247,23,3,230
5398,39,6,147
9242,29,8,301
6698,25,7,221
7254,34,8,203
6819,39,13,149
4999,18,13,193
7525,17,11,295
9558,28,10,189
4221,28,3,290
7820,37,9,201
9590,26,12,199
4649,25,3,118
8510,29,15,184
8617,24,8,234
4552,32,11,239
9728,33,10,262
5464,24,6,296
4634,37,11,147
5585,28,6,134
9044,17,5,252
4412,31,7,299
9130,31,3,298
7095,45,6,131
5818,17,10,324
6324,17,15,269
8821,18,6,260
7236,29,7,192
9756,19,13,273
4061,15,4,272
6857,24,5,291
6922,25,13,325
5826,25,4,207
8905,43,8,347
4254,33,14,208
7941,17,14,201
4259,42,4,219
6100,36,5,141
9777,44,4,245
7491,29,14,182
4068,45,13,251
4111,19,10,219
6355,37,3,185
8215,19,13,181
7935,23,6,287
7669,17,4,233
8124,29,10,212
7211,45,10,296
4397,29,15,234
8015,31,9,312
7325,33,14,193
8721,18,9,178
7905,36,13,188
4015,24,11,155
4302,45,7,122
8043,35,3,245
9349,20,4,132
9413,43,5,125
7658,40,7,173
8693,23,4,224
9800,43,10,303
7408,24,4,253
4259,28,13,309
4055,20,3,316
5238,20,10,228
9043,18,5,343
6162,26,3,127
6090,25,12,174
7767,33,15,341
7045,17,6,196
4997,15,13,255
5639,33,14,277
6211,44,13,142
8633,45,15,199
4207,41,3,316
4554,31,14,297
5076,25,6,221
9405,20,6,135
4397,22,9,316
6824,32,10,197
7593,43,12,176
5141,42,5,228
6831,36,4,225
9213,24,11,143
5414,44,13,342
5253,30,9,254
8714,37,8,271
8217,43,11,333
5832,16,12,165
7224,39,4,234
6472,33,9,225
4814,43,12,154
6684,39,6,315
6734,24,11,280
6086,44,14,234
7284,42,9,145
6847,43,13,128
7483,21,8,341
7302,15,10,142
7278,26,3,217
5359,15,6,334
5838,19,11,319
4876,26,4,271
9016,31,14,335
5827,43,7,178
5337,17,5,334
7950,25,12,288
7308,28,3,174
6517,27,14,326
5790,45,12,340
5192,31,9,313
6415,43,9,135
4972,31,12,184
8146,35,12,283
8678,44,15,214
9192,30,8,159
9941,33,6,329
5633,17,14,231
9001,40,3,351
4063,25,4,253
4649,41,12,260
8479,42,12,332
5706,22,14,281
9164,17,10,216
8172,36,15,194
8247,43,9,154
9070,27,12,215
4126,34,15,153
8517,17,10,309
6340,39,4,279
9631,32,4,215
6257,16,15,295
9966,28,6,165
6476,37,14,237
7838,16,6,324
5928,29,7,145
5845,44,11,240
9692,23,10,182
5355,32,7,211
9899,36,9,136
8844,32,5,321
4123,43,11,241
6640,29,11,337
6442,45,11,190
4122,26,12,229
7847,32,12,184
8027,38,9,347
6636,23,5,162
6272,25,11,248
4611,17,5,235
8041,33,4,289
5493,15,9,136
9828,18,13,285
8097,38,10,207
9324,38,4,323
4389,36,8,213
5734,41,7,155
7790,16,7,189
5152,38,6,208
7072,26,7,188
7713,36,13,315
4630,31,14,340
6463,25,5,143
7002,30,6,261
7046,19,15,235
5529,25,3,152
7163,30,4,180
7077,20,4,303
4417,40,11,301
7402,17,9,205
5768,17,15,267
7938,19,6,162
9974,38,12,249
9063,23,10,159
7552,23,3,289
5439,34,7,293
6194,37,8,197
9632,23,9,121
5265,45,11,310
7164,41,14,177
6869,29,5,291
5029,16,14,147
7317,26,8,336
6960,34,8,236
4965,26,13,142
6850,40,13,329
9188,20,9,257
5752,42,4,247
8397,31,5,217
5406,23,5,223
4995,28,10,243
8945,43,5,148
9417,31,9,152
9308,18,12,184
5849,24,6,135
4271,32,11,200
8915,19,9,143
6626,21,11,272
9395,18,3,343
8095,28,4,149
8505,44,11,212
6749,24,7,259
6570,29,4,137
9771,19,13,201
7630,36,4,280
5329,39,12,205
8332,40,14,240
5951,33,14,212
7961,18,13,298
6175,39,4,182
5539,36,12,337
7639,20,8,139
8464,39,9,285
7532,16,9,334
5376,19,9,225
6263,24,9,255
8573,19,5,119
9250,33,14,212
7586,36,4,189
9943,17,12,135
7590,37,9,239
8339,34,7,266
7958,23,14,296
7855,38,10,150
6853,40,12,128
8945,16,4,229
8161,32,4,174
5522,16,7,256
7890,32,3,195
4474,22,6,210
7828,29,6,123
6556,19,9,137
5950,21,12,320
6289,41,8,140
6334,43,10,212
8230,20,4,197
6072,36,12,198
5990,36,8,120
4176,27,5,224
8612,44,5,346
6381,16,9,278
7686,27,9,333
7783,39,13,142
4698,43,9,211
9258,21,12,233
6374,18,6,190
7228,26,12,285
7470,45,5,214
7756,25,12,314
8981,19,8,313
9823,44,12,219
5289,27,15,167
7056,31,12,322
5396,44,4,182
7624,41,3,295
9440,41,4,150
6075,36,8,326
4954,23,6,345
6273,16,10,288
5008,15,10,308
5058,28,8,250
6686,18,15,145
9937,42,14,246
4215,26,5,338
4750,40,5,324
7494,27,4,184
8860,35,6,146
5087,23,9,174
9664,34,4,326
6948,19,12,301
9313,23,11,328
4242,20,12,229
9455,26,4,271
9618,33,3,195
8105,27,10,235
8376,31,15,190
9877,17,14,215
8841,34,3,240
8377,20,8,159
4287,43,10,284
6731,37,6,350
6007,22,13,312
4424,45,14,198
5971,27,12,156
4234,17,12,180
6408,44,9,150
7739,20,11,186
4693,20,8,298
4813,37,5,314
7731,15,14,297
9274,25,9,293
9293,15,4,306
8122,23,13,186
8518,35,7,322
6250,15,8,351
5935,36,11,163
9128,26,14,219
4737,16,13,317
8385,35,13,303
9915,15,15,256
7405,39,10,242
4513,45,11,298
8852,39,15,306
6236,16,13,215
9570,45,6,213
5128,38,5,344
7514,32,15,128
6513,26,8,307
4832,24,13,293
6195,27,5,176
6245,37,11,118
9770,43,12,231
4926,18,12,170
8954,27,14,137
9945,27,10,169
7580,22,5,167
4939,23,3,288
5299,34,8,220
9206,45,7,237
4800,22,7,268
9015,40,12,349
5338,18,9,290
7924,22,12,347
8811,38,14,348
7683,31,7,347
6046,24,12,151
7578,27,7,242
5412,37,9,328
7018,19,6,130
5075,22,9,201
6008,32,8,244
9477,31,11,121
6020,38,13,232
8400,19,3,195
4303,29,5,296
4393,25,7,232
4378,24,14,255
5999,43,9,178
8979,33,7,212
5192,19,14,244
5826,45,14,139
4428,23,9,156
5827,29,13,271
7865,17,10,309
5107,21,6,293
5957,44,9,253
7273,42,4,197
7560,15,11,270
6115,26,11,198
6394,36,7,189
6037,20,10,169
7139,16,5,344
9409,20,11,283
6927,39,8,219
5431,15,9,145
4801,42,8,157
7633,32,10,349
6854,26,3,295
9966,23,14,232
7886,34,7,231
4364,45,8,138
4375,33,9,135
4173,37,4,121
7459,15,5,350
6023,39,11,306
5401,21,12,248
6752,15,11,151
6828,23,12,208
6183,23,4,281
9346,25,4,146
5723,18,9,122
9557,24,10,255
8771,23,12,118
5916,28,12,242
9728,39,12,266
6739,21,8,154
9368,42,6,312
9021,22,13,346
5093,33,3,136
6479,15,7,175
5434,22,9,165
6747,26,14,206
4507,21,6,241
7491,32,12,179
8592,42,15,283
6289,20,6,129
6207,22,3,318
7595,15,12,129
9506,27,6,294
9567,27,3,176
6678,23,3,136
8721,42,8,177
5388,25,3,268
4095,34,8,305
4379,43,5,326
7184,23,4,140
8718,27,6,212
7413,20,4,227
8103,25,3,251
9098,42,6,194
4570,20,8,282
8015,28,9,282
6265,22,9,147
5033,19,6,224
6946,37,9,244
5982,41,9,237
7330,28,10,236
5300,35,6,302
4620,39,10,191
5673,35,11,252
4036,45,7,177
4885,41,12,254
9364,21,6,145
8944,33,10,262
5336,28,12,169
6976,17,7,303
9515,17,7,123
9884,20,6,220
8662,29,10,290
5455,34,7,203
8808,36,14,261
7086,24,4,233
6942,15,12,269
5917,38,7,286
6008,39,6,267
8939,28,15,297
4410,36,11,206
9895,42,8,345
9138,44,14,241
5631,18,14,173
6962,43,7,313
4834,22,12,259
4184,18,10,290
4859,37,15,199
6298,43,13,315
7233,22,12,336
7096,23,13,247
8098,35,11,227
9948,18,3,252
4092,28,8,188
4969,29,14,348
9427,22,4,336
5891,27,6,123
4732,33,8,308
7071,32,6,324
5174,44,4,214
6866,31,6,315
8927,18,10,277
8154,28,3,177
5897,23,6,258
4915,33,14,201
7723,39,12,140
8738,45,11,174
5866,33,4,232
7817,27,15,248
6952,32,10,222
7992,30,8,327
8012,40,9,347
4317,40,8,216
5014,31,11,213
8602,23,3,221
5708,16,10,191
9649,45,6,351
8127,40,14,181
5765,24,12,267
6717,45,6,290
4621,21,7,266
4099,24,15,253
7190,23,4,310
8318,39,15,269
8395,29,6,179
5617,42,11,156
9068,45,9,247
4120,28,15,139
8644,36,5,177
8622,30,6,160
7780,30,8,327
4747,18,4,174
7074,18,14,200
4465,19,6,224
6726,28,12,221
7330,40,7,192
8676,17,9,158
6539,42,14,141
6987,34,12,268
6414,16,5,263
8774,28,15,270
9587,38,3,210
6960,18,11,341
9670,23,11,248
8042,24,7,316
5989,23,5,148
9825,39,12,273
6976,34,4,259
7336,22,10,327
6741,23,4,259
8005,32,12,262
8291,23,3,285
8139,37,4,178
4128,35,7,255
6122,30,4,320
6237,33,15,229
4896,27,10,197
4563,39,6,217
5018,29,9,301
6112,39,10,306
7428,28,8,242
4853,33,6,277
6721,32,3,319
6411,45,8,264
9352,15,12,335
8915,20,14,329
8279,15,3,120
4498,37,13,269
5155,45,4,238
5236,35,7,118
7000,37,7,214
6469,36,4,127
9980,17,7,350
9563,17,11,153
4920,28,11,230
7705,37,8,268
4405,35,14,148
7806,19,12,240
7864,23,12,329
7250,35,13,197
9989,27,6,153
7723,44,12,303
4222,43,13,165
7574,17,8,221
7760,29,13,130
6347,37,5,227
7981,18,6,277
8118,19,11,163
4523,15,13,243
6791,31,12,250
9505,25,12,139
4603,36,7,341
8975,38,8,312
4971,28,6,243
9431,30,10,276
5702,33,10,143
5376,33,10,330
5639,26,11,293
5676,43,12,210
6361,25,9,292
6408,32,8,251
7971,40,12,278
9409,15,9,282
6049,45,4,153
5847,17,14,127
7953,27,11,271
4386,26,14,313
6999,31,15,177
5903,19,5,250
5791,25,8,351
5317,35,9,215
8971,20,10,340
4534,37,9,194
5007,27,11,129
6593,33,9,144
8833,21,3,270
7130,44,3,135
4082,23,8,341
4110,17,8,269
6790,27,8,137
4927,43,8,245
5124,33,5,331
9230,22,11,272
4555,18,13,240
7579,30,7,219
7318,21,15,160
9544,44,4,123
8714,30,12,218
7958,19,10,205
6321,24,13,179
8237,39,12,319
4191,42,13,300
8921,25,9,249
5503,34,12,292
8790,29,15,309
8192,44,10,166
7569,41,13,231
6205,19,7,214
4396,43,5,127
6723,40,15,331
8570,30,9,181
5053,44,7,270
7070,19,8,244
8985,23,9,165
6451,26,3,133
4610,20,12,169
5793,40,4,208
8028,42,11,234
7556,24,15,143
8798,24,6,275
9567,28,11,292
9785,25,8,254
4226,40,10,229
9439,28,15,315
5237,18,7,212
4941,29,4,178
6042,19,5,144
5675,18,10,158
8851,33,11,287
5716,36,11,170
7610,42,3,325
9410,34,6,163
8477,44,6,135
8430,44,9,343
5243,41,4,208
7886,45,6,218
9992,33,9,282
6778,45,10,233
4922,24,11,284
8395,34,6,139
5737,20,11,250
8913,16,7,344
6777,44,5,191
5246,16,10,172
5196,18,10,189
6629,35,14,252
8037,41,13,271
5126,37,15,264
6380,23,13,271
6911,42,12,337
9069,17,5,324
6579,23,15,118
9408,17,9,234
6538,42,15,267
4973,29,4,280
6358,24,7,243
4186,41,8,307
7783,15,11,129
5175,16,8,186
7361,30,10,302
4107,27,12,349
8507,21,9,131
8004,43,3,137
7130,26,12,145
9058,45,7,190
6418,17,4,309
4133,22,8,333
7140,23,11,248
9457,25,6,271
8966,41,10,221
7460,17,10,350
7405,30,8,226
6186,45,7,168
9605,33,10,241
5631,43,13,319
4224,36,7,312
4131,30,4,298
7608,17,10,298
5325,44,4,160
5808,28,15,244
8180,20,14,273
9755,26,11,339
9375,43,12,134
5581,21,13,218
4342,31,12,175
6993,16,6,313
7845,30,11,144
6321,45,12,302
4762,39,14,269
5261,32,7,134
8045,37,7,181
5412,26,6,245
4095,40,8,237
4647,30,13,266
8935,38,11,153
6220,30,9,156
6357,42,10,190
6334,19,15,279
5857,26,6,278
8358,38,12,278
4467,18,10,220
6363,43,8,165
7858,19,14,117
8415,36,10,292
7543,24,8,185
9953,31,6,351
5916,39,12,275
9266,23,15,315
7129,26,4,269
7561,28,14,326
6631,31,15,145
6358,19,11,230
9430,18,5,313
8687,38,4,232
5453,37,4,140
4689,39,8,123
9962,17,9,306
9972,38,5,143
5079,33,4,277
6660,44,15,214
4141,44,12,179
8430,18,11,192
9699,38,14,311
6865,17,10,336
4448,30,7,131
7843,39,11,274
7387,36,10,342
9914,41,3,234
5763,44,5,178
6019,34,11,147
7861,33,10,121
6459,20,8,155
5551,19,8,150
6231,15,5,153
7810,44,8,220
4920,38,10,263
6662,41,8,218
8954,22,10,201
6593,28,13,296
9566,42,9,182
6675,15,7,286
4110,34,4,228
9334,30,6,224
6989,27,14,161
6166,27,6,135
4858,28,4,218
7794,44,13,201
4063,33,8,266
5881,40,6,190
5228,21,4,222
7822,25,4,247
8244,30,7,130
9055,41,7,164
9052,36,4,268
8263,28,11,228
7340,24,10,234
6850,34,12,261
5104,20,6,135
4201,39,10,225
5716,32,7,126
7638,26,8,282
4182,36,15,239
6148,23,10,226
6022,34,6,333
4333,26,10,344
6504,44,12,331
4946,25,13,186
8722,22,4,217
4527,35,3,202
5077,35,12,237
5462,34,8,157
4960,24,3,252
5759,34,7,153
9183,24,15,349
4608,32,9,159
6734,27,15,301
6415,20,8,261
9878,34,8,322
6638,27,9,200
4146,41,11,295
9921,31,4,133
6027,36,5,217
6759,23,8,252
4820,30,13,243
5968,34,13,321
5346,31,15,196
7829,19,10,150
7412,37,14,167
9074,25,15,166
9787,37,7,286
8512,44,9,243
4317,36,11,260
8731,41,8,278
7083,23,11,231
8771,27,11,172
9424,29,4,349
7062,37,3,143
8923,21,10,168
8133,37,10,261
5931,19,7,221
7239,26,6,194
7289,39,11,256
6708,18,15,218
7917,39,14,164
7973,37,9,298
7112,34,3,202
4471,39,12,120
9431,43,3,193
5438,37,12,241
6353,31,7,283
7373,17,3,182
9223,34,12,276
5895,43,4,322
7943,15,7,205
7992,30,4,254
4056,43,12,237
7715,20,6,210
9778,39,6,185
4380,37,12,303
7618,44,9,134
8271,15,14,253
6428,27,12,326
4847,19,4,138
5989,33,6,146
4068,18,11,134
9685,27,4,203
7850,37,15,266
9309,45,8,227
8721,34,10,222
4991,37,6,135
8079,15,13,202
5391,29,15,142
8313,34,13,240
8236,28,6,263
9486,22,6,262
6438,40,8,299
5253,45,14,119
7128,27,7,344
6097,30,11,240
7773,21,14,144
5802,37,4,239
5672,22,13,161
4260,15,9,213
8611,15,9,133
7036,17,14,232
4492,21,4,209
6757,37,7,322
7088,26,15,190
5244,20,8,269
8901,28,10,120
9132,38,12,167
6411,43,3,316
6367,27,5,118
4410,23,5,124
5400,28,5,340
4253,39,12,280
7782,43,7,209
9405,40,10,316
4791,17,9,255
7226,32,15,220
6053,37,15,213
6818,15,3,141
9752,16,7,290
8830,34,13,149
8511,33,14,323
7960,39,12,160
4658,18,5,197
7063,36,10,149
6787,17,6,297
8645,17,15,237
7935,29,5,261
4837,38,12,165
6859,22,7,293
6594,15,5,273
9025,23,4,242
9748,24,4,223
9559,38,7,264
7761,19,11,164
8054,37,11,147
4251,27,3,253
5547,17,13,320
7025,19,13,184
4107,44,10,294
6702,43,13,339
5185,20,5,143
6840,34,8,187
6500,31,11,155
7565,21,7,160
9967,22,14,351
7156,27,10,292
7524,43,4,122
8212,43,4,232
6563,28,9,140
8596,26,8,198
5083,33,9,199
4271,37,5,282
4429,39,13,248
6699,28,3,121
8430,19,8,123
8165,25,5,213
6493,19,15,302
5011,27,3,260
4996,37,9,341
5980,36,12,195
5943,19,5,129
6261,29,5,165
4787,22,10,164
9122,21,10,155
9774,44,6,176
7228,17,3,211
7846,38,12,202
5752,38,9,328
5731,23,4,281
6399,41,6,144
7182,24,4,206
5904,42,8,184
4284,30,3,258
4237,17,3,281
7300,15,4,157
9102,32,12,331
5107,22,8,221
7240,30,14,182
6870,17,8,286
8670,26,15,220
6874,19,10,279
7724,19,13,253
7875,44,12,275
6919,18,11,204
7522,19,6,225
4731,29,8,243
6631,36,12,298
7969,18,10,248
8338,22,6,340
6989,38,11,266
6368,26,12,196
9390,37,4,327
5151,33,9,252
8161,28,6,295
6438,31,10,248
5787,23,8,158
4889,23,14,187
8964,45,6,312
4715,40,4,262
4712,24,12,133
6704,16,15,123
5357,37,6,228
4984,22,15,204
6251,23,5,297
5632,29,3,173
9055,27,14,265
6170,24,4,175
5432,19,9,322
6260,32,12,289
5394,41,15,240
7805,36,7,140
4290,26,15,166
7423,29,3,173
7550,22,12,213
7679,40,3,208
6444,25,9,322
5185,31,9,221
9977,22,6,255
7435,43,12,298
4250,42,6,143
8665,28,9,305
7757,43,7,298
9686,26,14,117
4481,41,15,336
5386,31,12,306
7353,43,5,325
9494,17,7,178
9759,38,8,310
5765,31,13,133
7876,36,11,299
6736,44,10,177
5041,36,8,257
7173,20,9,307
4884,40,5,168
9810,23,5,126
9499,45,11,148
8402,21,5,210
4589,23,10,239
6524,20,6,283
7062,44,6,221
8731,39,13,277
8002,28,7,277
5030,21,15,142
7099,20,3,206
4749,38,7,334
5017,31,15,327
5881,24,11,243
5901,43,9,230
8592,27,12,189
6546,26,5,263
8019,21,4,253
9801,17,5,179
5705,30,8,136
5465,45,8,335
4295,31,13,221
6334,15,12,231
5629,20,9,169
4977,29,8,145
5740,27,7,149
8300,40,10,271
5212,34,11,332
5173,45,8,254
9887,39,6,324
5097,17,11,209
8172,41,5,277
8207,31,8,125
8527,25,10,162
5529,36,8,293
9585,27,3,148
6173,38,4,228
5143,37,9,283
6719,28,6,245
4638,39,13,170
5358,38,6,295
5646,45,14,238
5235,29,9,207
5325,16,13,295
7924,28,11,301
8269,19,6,280
9569,28,6,232
7674,36,12,195
4149,31,3,178
8867,24,11,321
4385,28,10,220
5119,26,5,323
7752,43,9,317
9029,33,11,253
6304,36,3,178
5845,40,15,222
8833,26,9,320
8301,25,5,155
5934,26,5,347
4009,15,13,172
6335,24,14,248
6232,25,14,226
8094,25,12,264
9535,43,11,120
8231,29,11,119
7222,20,5,178
7987,25,10,152
8784,28,12,240
5445,23,10,347
8654,35,5,257
6043,31,15,291
6654,42,6,258
7817,19,11,161
5159,32,11,187
4465,26,4,197
7297,19,13,286
8656,30,7,150
5603,23,4,274
7960,40,5,308
5169,31,12,286
9166,35,5,189
6270,24,7,128
7820,20,7,151
5713,25,6,167
7187,36,8,219
4757,36,5,257
6305,45,15,141
8157,44,6,241
8630,38,15,142
9242,34,10,319
5428,32,9,279
6180,24,13,234
9397,28,9,328
6265,22,9,130
6418,34,7,222
8579,41,12,165
6792,41,10,329
6895,42,7,261
5520,37,6,252
5336,19,13,176
5925,17,5,243
8222,16,14,212
7704,15,4,265
9606,36,9,226
4176,18,10,205
5593,43,7,180
4373,33,9,228
8882,20,15,165
5953,40,3,144
7267,29,3,302
4549,15,9,247
9581,45,6,325
4822,30,9,182
9905,23,4,137
5070,45,13,278
9946,15,13,212
6674,34,7,264
5281,21,4,337
8829,36,4,211
6170,24,5,142
5344,15,6,330
4165,18,5,187
7467,27,9,298
7190,27,5,188
4948,33,15,197
4195,20,10,205
8012,41,10,335
8348,45,6,329
6637,45,15,267
6805,23,7,333
5593,18,8,140
6554,40,5,309
6562,25,11,290
4900,41,8,223
9228,33,5,292
8967,24,4,230
6956,44,6,178
4964,15,5,181
8037,18,11,272
6989,40,3,197
6679,16,9,263
5646,37,12,139
8778,39,10,286
9365,34,13,277
4832,42,10,219
5014,36,10,278
9279,30,10,176
5649,21,4,318
8033,35,9,298
7982,33,3,236
4525,38,13,333
5203,44,9,141
8785,32,3,274
8928,43,9,334
6227,44,9,328
7341,16,9,165
4756,31,15,125
5494,42,8,300
6589,26,8,335
6017,20,6,309
7703,29,10,238
9117,38,11,333
5505,20,3,316
8160,26,14,197
6325,31,9,269
6284,28,6,204
8750,30,14,248
4494,15,13,348
9611,20,12,256
4592,15,15,278
6994,26,8,211
9502,15,10,179
9231,42,11,186
4725,24,13,330
6720,39,12,201
4971,24,3,131
6577,26,15,130
7803,43,10,228
4079,22,13,210
5929,16,7,213
7666,18,8,271
8155,16,5,291
9980,19,9,226
5846,37,8,234
6245,27,15,174
9049,32,8,140
4949,19,14,237
4730,21,14,273
5954,16,14,276
9576,34,4,249
8409,31,13,304
9414,21,5,344
4255,28,11,300
4471,37,8,191
7013,40,3,225
4645,32,7,204
9593,17,13,317
7166,19,15,270
4079,37,3,227
4421,38,3,294
9567,37,6,350
8586,15,13,309
7674,20,10,155
7901,17,12,188
4470,25,12,341
5384,40,12,227
5159,19,12,302
6373,30,9,207
7801,34,14,162
6018,42,13,137
9621,18,8,281
8360,27,9,262
7997,36,3,268
9116,35,7,296
4984,33,14,123
4443,18,5,185
5017,43,4,275
9119,34,13,332
4973,16,7,323
4302,20,3,192
9598,45,12,135
5536,45,3,240
9851,45,6,289
4136,40,5,244
9247,45,13,321
8989,28,7,225
7301,40,10,316
5804,39,3,330
9444,35,11,168
6970,21,14,329
5618,18,5,160
5405,32,4,308
8800,27,9,292
5762,32,3,226
4137,32,10,128
7093,30,9,240
5062,33,13,271
9529,20,8,212
4227,32,13,159
9675,30,5,305
4629,26,13,184
6145,42,6,256
6475,30,3,249
8418,16,4,335
5352,19,7,299
8224,38,3,226
9458,23,3,219
9623,44,6,247
6603,31,9,341
5971,17,12,268
8150,39,4,260
9768,21,14,138
6100,29,4,185
4973,16,8,229
8969,31,7,307
6007,15,9,249
4764,38,4,197
8647,35,7,200
4774,16,6,291
5516,31,5,329
6526,20,7,134
6325,32,15,173
8704,25,6,270
7279,44,6,152
5281,27,5,135
5397,23,5,340
9461,33,8,318
4427,36,5,263
8631,28,12,260
8711,27,7,297
6205,29,4,230
7109,29,3,318
7001,31,3,135
5146,15,15,263
7232,42,4,159
9012,19,8,246
6973,18,8,179
5883,41,8,224
5908,32,3,187
9057,44,15,319
7313,29,7,143
7925,29,3,183
7177,33,4,288
5166,23,8,260
9388,34,13,207
9850,15,8,215
4650,19,4,230
8798,38,12,321
7095,40,3,282
7906,36,15,295
7543,45,9,269
9614,45,9,231
7437,37,10,201
7122,23,15,138
6082,15,7,139
8270,41,10,151
9426,35,6,140
4346,16,13,122
9021,29,3,337
4288,34,14,187
8926,25,10,332
8780,40,3,149
7611,31,14,164
8476,41,4,265
6352,19,9,210
7000,20,3,256
9362,28,15,317
4315,30,10,329
4755,43,13,277
8281,28,14,246
8099,17,6,281
6515,40,12,171
8468,35,4,302
7296,39,9,223
6652,42,9,338
4752,24,9,295
4299,18,8,282
4679,16,8,269
8746,34,12,205
8913,38,15,269
7210,29,14,146
6574,17,14,262
4393,26,4,127
9996,31,4,225
5275,32,14,128
6036,20,5,124
9445,37,14,181
9151,37,11,341
7654,25,7,127
4673,26,4,351
8985,22,13,267
9771,22,11,301
7230,15,6,195
4834,30,13,125
6222,28,9,346
5956,34,3,156
7238,34,13,243
6444,35,8,194
7853,22,6,275
4753,40,3,166
9986,32,6,219
4298,21,7,232
9805,39,11,287
9514,26,8,254
8695,33,15,292
8492,15,12,315
9077,34,11,262
6036,21,15,182
4394,42,6,339
4874,44,13,266
7101,45,11,315
8121,28,3,302
7147,40,11,183
8536,29,8,148
4412,17,7,202
6817,18,11,333
5532,17,5,182
7105,25,10,145
4210,24,6,188
7171,20,5,254
5049,15,3,205
8795,31,3,269
8612,33,14,325
4268,27,13,156
6113,40,14,318
9298,23,3,265
9381,37,4,279
6791,33,5,247
5462,24,15,252
8165,20,8,127
7899,27,9,227
5796,37,3,203
6661,25,7,350
8941,33,6,145
4533,18,14,346
9267,36,10,239
5305,40,14,318
4103,16,3,152
5881,17,7,185
7342,19,9,297
7247,22,10,270
6777,15,3,291
9945,23,9,202
4710,27,10,159
8263,42,4,201
7147,32,6,170
5819,41,11,262
7226,29,3,293
7606,45,12,333
8940,15,10,332
9142,43,6,347
4201,21,7,307
8715,16,12,304
8876,33,5,322
4468,17,13,244
9844,28,10,350
8073,40,11,200
8989,34,10,138
4067,18,6,245
9188,28,6,212
9178,24,3,202
8605,20,12,200
9699,27,8,181
7953,17,4,197
4283,18,12,261
5283,15,11,304
6572,42,8,160
6043,25,9,135
6359,29,12,145
9632,37,10,334
4107,23,14,198
4351,33,12,164
6205,39,6,166
9857,41,8,190
5845,17,15,239
8341,17,6,211
7516,41,12,191
4265,38,3,203
7137,39,9,282
6822,44,5,288
8278,26,15,211
9573,22,13,267
9437,41,4,278
5153,38,13,262
5918,38,15,214
7616,16,14,339
7242,45,6,194
7915,16,4,336
8261,38,7,215
9301,31,12,198
4216,15,9,161
4331,21,15,264
5009,42,14,263
9612,42,3,312
9082,43,7,123
6534,30,7,297
4246,21,13,164
8689,21,14,309
4770,45,5,323
6624,40,10,184
9779,30,15,145
6659,40,8,137
6786,22,5,121
5150,18,6,169
7438,29,14,350
9557,28,14,263
7948,33,9,191
7873,29,8,143
5513,34,5,346
9754,45,10,281
8924,17,11,277
7717,32,14,184
9658,24,6,146
7091,40,8,123
6395,44,5,240
5628,39,11,269
4009,22,14,306
8081,18,7,182
8142,37,11,132
7704,27,13,302
5909,39,6,240
4693,42,13,224
5372,45,9,169
5167,31,11,180
4255,39,11,336
7903,28,13,341
8436,35,5,227
6316,42,11,317
8665,30,6,213
7986,26,6,150
4116,27,5,261
9284,36,5,232
4220,39,12,126
7585,30,4,190
4316,37,9,229
8038,34,15,220
8811,44,5,189
4840,31,10,307
4254,26,7,125
6844,38,6,254
5777,25,14,223
7962,44,6,224
9422,35,12,126
7402,32,10,287
5743,44,7,214
6569,23,4,303
5443,40,4,311
6233,42,14,312
5438,28,3,321
7349,29,11,248
9340,38,3,122
7324,26,9,348
9723,20,13,201
7647,36,15,317
9753,15,4,267
9101,27,7,296
6176,44,9,326
9007,31,5,221
7572,30,15,296
5218,37,7,344
6929,43,9,302
9651,35,9,323
5416,41,7,287
7062,44,11,197
6188,30,3,239
8442,45,11,207
5896,35,3,323
6558,43,7,246
7692,32,6,134
7093,35,13,148
6484,44,5,235
8917,39,6,272
7081,37,11,321
6902,21,9,251
7515,32,13,290
5762,16,6,336
5817,28,7,296
9694,30,7,139
8768,16,8,182
9439,39,10,233
9712,23,3,140
7535,22,5,297
4408,38,7,326
6147,39,14,126
6247,41,6,209
5272,35,13,175
5058,26,8,158
6616,35,14,319
5178,17,8,156
5499,29,13,141
7425,27,9,263
6114,27,13,199
5006,32,3,333
7845,45,4,342
6300,17,10,316
7209,37,10,327
9621,26,15,226
6937,32,15,175
5812,25,6,190
4145,32,12,345
9130,28,4,268
8583,41,6,179
8450,22,3,195
9023,21,10,178
7991,28,11,204
5919,35,9,348
8878,23,10,218
9436,18,10,277
8211,39,4,351
5588,33,11,224
5636,31,13,276
6668,15,11,222
9496,18,3,129
4468,42,13,328
5229,20,14,176
9750,40,12,349
8383,32,12,124
4236,27,3,318
7223,24,6,175
4901,26,8,207
8416,24,5,302
9412,22,5,316
5532,24,14,126
8557,31,6,251
5414,31,8,118
4354,44,3,292
6886,45,5,228
5175,42,3,233
6928,27,15,172
5139,33,14,161
8853,30,7,273
4429,24,9,349
5010,24,14,166
6421,30,12,291
4179,38,12,300
7634,42,6,132
6420,16,4,146
9867,36,9,133
8249,18,10,269
9316,17,12,314
6807,23,15,239
5502,34,9,215
7395,42,6,298
7326,19,10,238
6771,32,13,258
7889,40,5,157
4272,26,7,223
9065,37,10,207
7649,21,4,314
5458,32,15,259
9223,17,8,210
5481,26,6,324
5318,26,3,330
7600,29,15,165
7548,41,12,155
8339,32,11,238
5738,26,11,132
6616,39,8,254
9303,42,11,214
5575,17,5,286
5379,15,10,232
7228,22,14,128
4213,22,14,233
4162,43,10,229
8125,20,15,201
9643,17,15,177
6257,17,15,244
5773,41,6,138
9425,41,15,318
7230,18,12,340
9250,30,7,338
6040,37,13,332
9396,39,5,243
8257,37,7,324
6736,20,11,233
9824,28,13,290
8514,39,4,261
6913,24,5,211
9941,23,6,243
7852,31,13,121
6360,33,10,146
4145,21,11,269
4200,31,10,332
8883,26,4,325
8215,29,9,303
8460,38,3,278
4859,16,9,168
9636,23,15,351
6239,22,12,233
9715,25,13,328
7170,16,9,180
7915,40,3,148
4575,16,13,149
5601,29,15,142
9582,18,8,244
4185,21,11,297
8486,31,6,152
4227,36,15,213
9551,35,3,345
4908,26,3,118
9375,26,4,337
9815,34,8,127
4174,15,8,240
4281,35,13,199
8717,26,12,179
6528,20,13,216
9557,43,9,301
5473,43,14,239
4734,39,3,155
7905,40,12,349
6404,20,7,332
7471,43,5,145
7517,39,14,343
6734,31,15,302
6979,18,11,293
9863,16,6,121
5173,34,13,308
7932,22,11,286
8344,19,9,162
4810,29,12,263
8867,40,8,266
4315,23,6,151
7442,30,15,183
9733,42,10,314
4088,37,5,214
7158,44,7,275
4420,41,10,310
5968,27,11,308
4817,30,4,217
8315,45,3,264
8902,26,6,316
8073,37,10,182
4694,29,11,324
9512,43,13,142
5875,38,3,186
9913,33,5,145
8003,33,4,207
5319,33,8,182
8096,16,7,224
5562,37,9,286
9398,29,13,341
9634,26,5,207
9787,31,14,317
9438,25,12,311
6343,20,4,212
7161,40,8,150
6526,31,13,145
5769,15,14,309
9560,35,8,340
4824,25,4,147
4876,16,3,272
9495,36,13,214
7853,26,5,276
7798,43,14,285
4966,26,9,243
7433,17,10,263
5336,26,5,152
7539,41,7,262
8749,40,9,128
6577,24,7,204
9333,31,12,275
4547,15,8,203
8001,37,8,169
8619,15,11,120
7785,23,15,196
6489,37,5,248
5563,36,14,277
7379,28,14,349
9539,27,7,300
9932,22,12,149
6995,22,15,259
8547,28,13,239
4236,28,7,137
7352,38,9,333
5448,18,8,192
9988,32,4,322
9000,17,15,186
8451,29,7,322
4498,16,6,224
5477,38,7,323
4265,28,14,247
9718,20,10,302
6077,41,14,306
8719,37,6,178
8994,23,7,269
5353,17,7,227
5167,39,5,250
7160,25,15,234
7041,45,13,267
5528,44,7,162
9964,25,8,196
9794,31,13,217
9722,34,7,238
9008,45,6,244
7503,29,15,201
4013,28,5,154
4608,32,14,241
6763,32,8,277
6856,44,15,160
9683,39,10,179
9096,29,13,290
8857,28,14,341
4484,44,7,289
6901,34,10,131
8475,29,12,151
4740,36,11,170
5370,30,6,124
9575,27,4,177
6196,35,8,124
7528,19,7,344
7547,30,12,292
4366,27,13,156
5743,21,13,231
8403,18,3,225
7850,21,6,162
4903,21,5,157
4581,38,9,324
5776,33,14,149
8925,16,10,193
6783,31,7,256
9854,43,11,295
6894,36,10,254
9963,29,12,184
5538,43,8,274
9598,25,11,240
6054,32,6,227
5317,43,7,286
6852,29,4,303
8927,28,3,118
8385,43,10,321
5989,31,8,207
6299,32,9,248
4180,41,5,205
7859,45,15,300
9228,21,3,214
5985,39,11,124
6254,15,4,321
9151,33,8,158
9587,44,5,126
6044,37,4,133
4893,38,11,153
7484,41,12,340
8846,28,10,121
6611,20,5,310
8700,42,14,133
5490,26,8,184
7184,19,8,205
8122,15,15,333
9066,37,15,122
9535,41,8,241
5498,17,11,119
4476,30,9,153
4916,45,7,287
8776,37,4,172
6175,30,11,155
4072,28,11,129
7041,32,3,254
4788,33,15,123
8578,37,7,321
9577,36,9,188
4439,38,9,247
5049,39,15,121
8734,15,5,275
6970,15,9,274
5030,30,11,177
4329,31,5,208
8114,25,12,327
6042,28,5,214
5417,21,7,277
8217,16,6,210
8817,29,11,322
6657,23,12,215
6329,26,6,283
7684,29,10,254
6236,42,11,262
7560,21,13,172
5121,40,14,294
9974,18,5,250
8404,38,14,302
6061,33,6,151
5924,40,5,206
9680,41,11,143
7170,15,9,194
7021,40,6,187
8374,34,10,308
8514,15,5,278
5287,35,15,129
8944,38,5,140
8317,24,7,306
8854,17,14,218
5885,32,13,306
8330,21,12,339
5924,28,11,335
9192,44,8,187
9164,16,13,351
5073,42,8,328
4421,15,4,308
6610,36,4,329
9995,22,12,243
6436,17,7,292
6886,21,15,278
5067,35,7,155
6042,34,5,230
9575,15,11,157
5502,26,5,294
7171,18,3,126
7348,34,14,244
9290,40,10,325
5018,20,14,243
9979,45,13,209
7508,15,11,168
4222,21,9,166
4040,32,11,254
5235,23,9,210
8524,22,6,342
7018,37,7,310
7400,37,15,118
7069,44,13,182
7835,24,15,253
4480,38,14,310
6045,35,11,266
6021,37,6,264
8284,20,7,131
7615,25,3,298
8369,39,7,270
5410,20,8,287
9147,45,6,286
7300,17,3,143
4291,39,11,246
6067,36,12,318
9647,17,15,152
5986,15,3,123
5935,22,3,164
9209,16,7,304
9525,40,3,160
4691,16,9,241
8960,30,4,296
5143,24,15,117
4066,37,6,275
7823,32,13,185
5057,33,3,166
8187,29,8,129
5158,38,12,232
7028,20,9,160
9307,28,4,274
5338,39,15,206
7678,41,12,239
4349,32,5,122
4190,26,5,341
4238,33,3,195
6597,30,15,257
7418,23,13,127
8712,43,7,309
7969,39,12,128
8461,15,14,130
6947,27,13,271
9578,15,4,233
8940,21,9,212
7711,29,8,264
6288,41,6,199
8988,28,6,161
4021,31,13,302
7067,39,9,252
6377,43,6,184
7348,42,6,136
8667,43,14,117
5783,44,11,144
8887,19,7,190
5307,35,4,329
7143,32,9,181
6390,35,15,268
9625,32,10,149
5451,19,12,311
8063,23,8,148
6292,39,11,316
7867,41,15,278
6086,36,11,283
8906,26,10,325
6625,41,8,342
6569,24,11,292
5495,26,4,259
9622,31,7,122
8868,35,9,232
5435,19,4,309
9065,32,4,147
6209,16,15,133
7633,37,10,227
8167,32,14,326
5044,25,10,175
7502,32,7,137
8326,45,7,147
6568,37,13,247
5441,19,13,223
5461,37,4,135
8934,19,9,321
9053,25,9,141
4254,42,14,337
5708,30,15,307
9728,24,3,312
9964,40,4,320
4319,32,3,119
8776,26,9,252
4151,23,7,183
8041,38,6,207
4872,44,10,324
9395,15,4,306
8166,39,9,302
8773,26,15,138
4929,19,5,166
5635,25,11,328
9514,36,5,265
8292,25,4,334
4811,36,14,350
6519,32,8,119
8434,15,8,338
6685,30,13,223
9968,22,6,245
7956,36,5,200
9540,35,3,274
8161,24,6,299
4302,40,3,337
6878,27,14,173
4899,19,4,314
5420,37,12,257
7248,23,6,311
7489,18,13,162
6425,30,8,230
6595,19,12,311
5086,31,9,160
5643,35,12,152
4589,20,15,194
6921,41,15,233
5318,29,14,347
9795,41,15,236
6113,42,9,324
7762,18,10,176
7567,18,7,226
6228,21,5,237
8114,31,11,228
5603,21,12,181
6666,41,9,182
7124,22,10,182
6044,15,15,287
4499,19,5,295
9742,33,15,165
4377,30,13,210
4354,31,12,151
7347,31,12,351
4916,26,8,278
6818,20,10,169
5980,32,11,160
6815,26,10,168
7741,28,13,264
9686,24,9,215
5509,17,12,192
4186,42,13,314
4811,28,11,295
8405,41,3,144
6119,21,5,193
4807,17,7,210
9512,35,5,133
5344,40,14,250
9684,34,8,287
4550,36,3,289
9306,24,14,302
4527,43,11,190
7010,34,4,178
6081,29,6,164
4899,37,3,292
8559,27,12,174
8102,25,8,261
6970,20,7,179
5320,33,7,301
5017,42,15,309
5500,39,6,269
6737,16,13,308
8395,17,11,142
7311,22,8,286
8713,38,10,306
7361,31,7,132
6151,23,13,190
9816,22,4,250
7204,31,12,193
7898,19,8,280
5123,39,13,328
4446,28,10,346
5726,25,13,166
9510,45,7,289
8227,32,4,145
7658,36,13,126
8317,17,5,194
8060,24,14,139
8586,22,5,264
6372,18,8,233
7770,25,8,223
9975,26,14,277
8439,34,6,279
4954,43,8,148
6861,25,14,216
6775,16,10,240
7096,15,8,342
5105,24,15,222
8946,18,4,212
6521,15,14,272
8204,40,12,187
4487,20,14,198
8470,16,11,232
8991,38,7,236
9909,16,6,349
5278,16,7,197
5240,26,9,121
5086,43,9,313
5736,23,9,222
5641,26,6,256
8774,25,3,212
5511,35,4,324
4597,29,4,138
6800,17,8,155
8420,20,10,335
8346,16,3,149
7455,33,11,263
5763,39,5,318
9678,19,10,252
6939,22,7,227
8468,38,13,169
8003,40,3,301
5088,38,7,223
7008,24,4,171
9443,34,5,169
4750,16,8,168
6064,16,4,196
8436,23,9,225
6037,33,14,327
9927,23,14,336
4825,21,11,163
4064,36,4,217
9773,19,9,270
5845,25,12,175
6433,33,13,203
9045,15,15,261
9356,26,5,163
9348,41,15,312
9626,31,10,165
6500,18,7,173
7276,41,6,309
5297,37,7,349
6924,20,9,213
9744,18,3,129
9521,32,5,154
9299,21,4,240
4764,34,9,145
5846,26,6,161
9702,17,4,274
6548,43,15,262
7399,32,11,211
4301,43,4,127
8040,16,13,285
4691,22,12,213
7595,37,9,307
8115,24,6,123
4757,28,15,211
7527,34,4,216
5821,30,5,134
7322,38,14,345
8417,39,10,252
4147,22,9,192
9394,45,7,266
9364,43,11,177
6343,45,12,335
8916,27,4,331
4012,45,12,162
4096,44,8,319
6556,17,3,203
5177,40,3,331
6542,18,13,321
4953,20,12,237
6980,35,10,233
6228,22,15,314
5278,22,9,133
8378,25,15,192
8664,20,10,227
7553,40,11,158
9533,20,9,313
5914,20,4,326
6705,42,13,161
7434,39,14,206
4746,21,13,200
5874,17,15,290
7308,28,9,189
8650,31,14,240
4949,31,10,286
4032,21,4,208
4872,20,12,246
6285,20,5,303
5191,33,15,259
9703,34,6,214
5673,16,15,144
9632,35,15,152
7366,23,7,192
5052,19,4,265
7324,43,3,304
8315,23,14,280
4917,40,11,213
6090,38,7,341
8710,29,12,275
6962,30,15,154
4820,33,3,275
5428,31,4,341
6225,22,12,185
5509,45,4,237
4476,35,7,133
7573,15,9,245
5651,17,11,205
9201,24,14,157
5045,40,4,168
6069,25,7,129
4319,32,15,256
9337,20,10,309
7282,23,10,314
9746,15,6,149
4574,18,7,329
5377,42,8,292
7679,36,8,323
4798,21,12,248
5006,15,12,136
9372,33,14,224
9419,24,13,156
5795,43,14,305
8451,25,4,152
7115,44,3,118
7947,19,3,196
4767,18,7,217
4544,44,8,313
7866,22,10,293
7458,23,9,309
9866,30,12,305
7117,30,6,228
8108,23,11,312
6414,42,10,144
8197,45,3,288
7487,19,6,231
4498,21,15,270
4277,16,5,183
9605,23,5,180
7709,29,3,131
4985,40,13,259
7540,32,13,240
5850,24,10,181
4958,41,11,235
6802,30,4,257
8941,33,8,244
5390,43,7,311
5322,27,11,126
9882,36,15,138
7602,17,5,271
7995,45,14,169
5224,22,4,253
9083,23,4,243
9057,30,9,150
9998,24,3,287
8221,20,4,126
4379,20,6,320
5718,27,15,269
5971,16,11,180
6187,26,11,288
6858,23,6,161
4443,16,9,267
9969,26,12,232
8968,16,15,241
4394,32,15,191
6164,41,3,236
7014,22,10,339
5863,41,8,129
6762,32,15,127
8069,20,4,322
6971,43,3,121
4380,35,6,236
6006,27,9,299
9448,18,15,310
5536,28,8,310
8611,38,15,220
7430,43,4,300
5861,29,9,127
5645,27,9,184
4903,37,5,302
7010,28,6,231
7140,35,10,199
8020,25,9,331
7414,26,15,233
8451,34,10,267
4254,21,12,178
5287,33,11,220
7076,41,7,198
4069,45,14,347
8423,23,3,220
5615,19,8,256
5127,19,8,171
6165,19,11,202
9308,27,6,265
7340,33,3,154
9856,26,15,200
8930,19,15,267
8028,39,6,254
7326,42,13,243
4427,16,9,146
6800,23,8,271
7160,23,13,351
4114,16,4,238
7433,27,9,293
5327,37,11,201
4131,18,5,241
5019,28,15,339
6460,26,13,277
4128,30,3,234
6861,15,4,342
4432,35,15,239
7181,33,9,231
9785,33,6,292
7244,28,15,216
7859,25,14,314
8667,29,5,297
5141,38,6,297
6826,22,7,142
5406,45,7,285
9926,29,13,132
9725,42,5,124
4366,43,12,335
9002,30,6,331
6719,21,10,129
8045,25,4,322
9217,26,9,321
6576,41,5,186
4695,34,8,153
8108,40,5,197
9611,18,3,168
7309,36,10,189
5687,21,15,289
9452,28,3,172
6523,40,14,201
8845,43,14,133
7242,34,14,297
6915,38,15,215
8260,37,7,195
8934,32,7,206
8399,27,8,218
4995,28,12,218
7179,28,10,351
7410,17,10,236
5275,42,6,148
7006,33,11,304
4106,22,4,165
9595,30,15,329
8792,19,9,216
6903,22,8,289
5378,22,15,281
9225,28,8,312
4625,20,13,339
4700,45,15,301
5867,24,3,302
7283,36,9,190
4565,39,10,277
8378,28,8,187
9579,37,3,212
4332,44,15,319
8760,45,6,293
7069,29,12,350
4320,15,7,257
4503,41,5,175
6859,43,7,297
7378,15,10,127
4461,18,5,351
7595,19,8,305
4345,27,13,206
8099,33,3,180
4187,19,5,225
6786,26,15,119
7349,22,13,254
9260,38,10,306
4075,33,12,299
5370,33,7,241
8588,25,6,307
8831,20,15,124
7654,22,3,243
8041,30,13,185
8928,43,4,186
7622,35,11,243
5761,33,10,198
8959,42,5,188
8036,35,7,239
4546,23,12,147
9081,24,14,230
5929,15,5,220
5357,41,15,155
9929,34,4,182
7382,42,12,233
8806,33,5,163
6539,34,15,306
9049,16,10,151
9696,16,6,187
6504,22,9,291
8674,43,13,134
7121,26,10,277
5762,28,11,165
9280,28,9,175
9473,22,11,138
4785,41,4,227
7517,15,7,299
9513,41,3,329
6407,26,11,328
8907,25,14,185
6574,39,9,342
4958,29,5,330
6659,22,4,311
6802,31,9,227
5318,39,12,251
8376,34,8,123
8977,22,9,342
6368,35,11,178
4975,15,8,154
7224,37,7,118
6017,37,6,165
6034,44,5,307
6519,39,5,184
8580,41,13,309
6797,43,5,314
5084,15,4,152
8487,17,15,277
8228,41,3,221
4276,41,4,346
7472,25,4,128
5590,15,9,322
9054,43,14,213
5926,28,5,202
4167,23,15,182
4897,16,9,183
4737,29,4,179
8343,43,7,156
4000,38,15,242
9632,31,10,126
8290,31,9,218
5955,34,3,343
6124,27,10,317
7190,39,12,211
4276,19,4,188
4793,27,10,150
5354,32,15,158
8303,28,11,193
5369,27,5,317
8441,29,10,190
5634,22,5,282
6197,38,14,299
7318,39,6,283
6010,23,8,347
5910,41,8,296
9586,21,3,157
5539,35,6,158
9866,34,9,193
9691,39,11,182
7147,29,5,219
7214,27,5,166
8423,45,8,223
4521,44,4,315
7480,38,6,158
8706,28,15,165
7173,18,13,199
5835,28,9,135
9558,35,14,256
9283,32,4,273
8594,26,4,207
6855,35,14,151
9332,28,13,166
9471,33,5,292
9071,18,9,198
5648,24,8,253
4577,21,10,335
4425,27,9,248
9806,41,12,209
9685,30,6,340
8541,25,10,219
6842,30,11,229
5923,26,8,155
8908,15,3,255
7894,24,9,159
6146,39,7,149
4326,30,9,149
6659,20,9,262
6097,38,7,335
4135,17,6,140
7999,15,5,327
8063,34,7,305
6519,35,4,117
4240,41,3,218
4896,43,5,249
6669,43,7,117
4003,16,14,320
7779,28,6,180
4496,43,4,292
4071,26,13,276
9668,36,8,261
4211,41,8,175
7899,24,14,269
6725,31,10,287
9715,22,14,291
6123,38,14,216
4543,37,12,308
7187,17,10,154
6473,45,7,331
8930,30,13,151
6606,35,3,230
7565,25,12,294
6815,37,13,156
9044,37,15,234
5070,24,10,241
9777,17,11,267
9302,42,9,130
6372,45,9,257
7845,25,7,251
7118,45,10,309
8579,34,12,315
4799,15,11,294
7709,40,13,237
7129,39,7,252
6778,27,14,239
5804,28,10,302
4025,24,3,238
7020,22,13,218
5551,28,7,317
5588,34,7,201
6872,18,12,264
9184,36,3,351
7236,36,12,277
8345,28,11,214
8013,40,8,283
5379,23,15,212
4948,28,10,314
5580,34,5,273
8380,25,8,316
4405,38,15,187
7488,29,11,135
6465,39,9,118
9239,43,13,261
7903,25,11,263
4954,20,6,158
8246,22,10,263
4264,29,13,251
5816,37,12,137
5415,34,7,249
6362,36,12,122
4033,36,4,202
6023,37,11,188
7070,38,3,320
8496,24,11,346
4467,23,7,280
4518,20,4,163
9478,35,4,326
4017,17,12,332
4096,29,12,301
4815,22,7,239
4038,15,15,151
6785,16,14,124
6657,21,13,284
5483,21,11,264
8394,39,15,141
6458,22,14,258
8277,19,14,120
7996,31,15,213
6676,25,15,218
9991,25,13,280
4221,42,7,305
8834,33,3,263
6173,28,15,256
5215,23,4,313
4659,39,15,281
6078,17,6,214
9883,19,10,124
9961,45,13,273
4827,45,3,301
6535,26,12,161
4335,24,9,125
8643,44,13,163
7072,29,15,171
8124,38,10,316
5359,22,7,262
6005,17,15,124
6724,23,3,269
4270,24,14,168
5772,21,9,202
4957,21,13,170
8216,17,13,275
5033,36,13,305
9629,33,3,148
6348,32,6,314
8879,31,10,214
8130,38,8,203
9572,25,9,272
5845,41,11,273
4960,24,13,312
4976,26,13,211
9515,42,5,242
6808,31,6,348
7314,44,14,288
8522,44,13,129
7230,36,13,296
4380,25,6,273
7524,34,6,315
4322,19,13,343
5472,41,3,230
7899,41,4,178
7929,29,11,165
5889,44,9,309
4915,42,6,269
5828,39,10,323
8032,33,8,133
6512,31,13,336
7119,26,10,151
6009,43,9,249
9946,26,14,189
7418,20,13,146
5427,23,14,228
8723,18,5,306
9745,37,3,189
8060,26,4,178
6006,24,13,206
5140,25,6,232
9649,43,5,164
4457,31,6,276
6093,41,6,154
9481,32,4,177
4472,22,13,322
6519,26,14,194
5569,19,12,194
7221,16,14,121
4919,32,11,121
8438,17,15,343
6132,27,14,254
5859,22,11,296
9066,28,10,162
4223,36,12,140
8200,37,6,340
6631,29,9,329
6217,23,4,148
7256,41,3,256
8137,43,4,209
4587,21,12,143
4740,43,14,238
9134,28,7,210
4566,15,15,214
5142,44,7,254
6878,16,8,180
4276,26,5,249
5123,23,14,318
6336,28,15,142
5634,15,3,253
7966,41,13,173
7033,22,9,211
8425,22,3,144
9076,44,13,266
9688,16,12,211
6838,24,3,299
7611,43,3,314
6002,15,14,346
9876,20,12,161
4147,23,3,177
9216,34,9,210
6450,19,8,246
6015,27,4,315
6063,38,3,335
4675,29,14,311
6597,22,4,280
4728,38,10,271
9594,43,4,283
6789,36,15,330
5088,23,5,178
9618,35,10,331
4810,37,11,271
4542,16,15,266
6916,18,14,346
6513,22,14,132
8987,43,15,287
6836,24,13,212
8366,18,10,303
7704,34,10,309
5628,16,6,145
5289,24,13,179
6402,31,15,217
7579,17,14,259
4106,15,7,332
7639,37,12,155
5920,30,13,322
5214,38,12,288
5925,37,10,316
7973,37,12,129
7401,39,11,286
9238,15,5,247
6814,20,6,238
4944,31,13,191
4084,42,4,319
5833,36,5,184
7192,29,13,282
5778,37,10,238
9260,26,11,188
4120,43,4,161
4796,20,14,149
9898,35,15,247
6536,22,10,182
5623,31,6,279
8118,23,11,203
5270,44,11,210
8056,33,8,189
5982,36,12,145
7163,24,10,306
5259,23,13,304
5137,45,8,291
9855,34,7,262
8566,39,14,184
6197,45,11,175
6892,45,9,205
4859,39,9,259
4241,34,5,201
6898,32,13,229
6702,34,11,167
6071,19,15,214
8088,39,14,145
6516,32,15,148
9268,18,11,222
6051,37,15,158
6407,23,4,305
9395,29,8,252
9711,39,5,307
4835,30,12,271
9300,24,11,266
5207,19,11,267
8343,22,14,215
6663,40,4,266
6741,43,4,230
5304,30,6,217
7107,32,5,288
6652,39,6,351
4982,44,14,299
6806,30,8,124
5828,42,9,329
5620,29,10,233
8316,34,6,166
4993,26,14,214
5516,38,15,228
4659,35,4,258
6543,39,14,328
9694,38,7,129
4174,39,8,264
6003,16,11,145
5480,20,14,278
8486,36,13,130
8188,44,15,203
9375,17,7,195
5483,37,4,323
5995,43,7,122
9939,31,4,179
6266,26,6,211
8785,29,11,129
7123,29,8,323
7392,28,6,307
7183,17,8,148
5709,38,9,123
6578,18,5,254
5924,41,10,322
5410,27,3,230
5824,28,7,156
8697,39,5,227
8910,38,13,330
4167,41,3,314
7092,41,6,209
7179,28,9,220
5433,40,12,169
5351,34,9,338
5758,45,5,250
7724,22,9,251
6920,15,5,191
7702,17,6,140
5339,42,9,322
4844,17,8,252
7515,45,13,348
9321,18,10,120
9328,45,9,262
9336,29,7,130
5360,18,14,222
8200,17,6,263
9206,44,4,288
9759,39,14,195
5936,41,4,137
6854,39,4,259
6125,26,12,350
7937,22,7,141
8751,34,15,291
9595,25,6,222
7606,38,11,140
7774,25,13,349
7080,34,9,240
8743,42,4,294
4656,44,8,277
9411,43,14,297
6043,40,14,310
8802,37,10,127
4001,30,3,124
5113,24,13,290
5739,38,14,174
4249,34,6,157
8541,24,11,229
9967,42,15,340
7603,16,11,197
6890,26,3,160
9337,21,15,286
7696,16,7,204
4436,30,15,262
6285,18,4,135
6537,27,7,303
5098,38,11,169
9610,16,3,272
6416,39,8,236
7541,36,8,322
4623,21,3,180
5980,24,11,245
9826,33,12,315
6719,21,9,124
6060,15,11,216
6260,16,5,230
5675,43,13,330
4202,34,7,215
8934,28,5,262
5905,16,13,232
7473,42,11,334
9244,41,5,315
4901,25,9,344
6706,23,13,212
8427,40,10,244
4929,28,3,308
8910,35,15,309
4811,19,5,289
7205,35,9,284
7746,42,13,172
4925,18,5,227
4958,44,14,315
6451,41,11,142
5895,21,3,142
8541,27,12,186
5698,36,9,200
4258,16,10,334
5961,43,11,216
4545,32,5,220
9990,24,14,199
6901,28,9,305
7831,16,12,120
5431,43,14,237
6718,15,11,334
7674,27,12,117
9412,42,5,276
9644,35,6,189
5467,18,14,304
5552,34,14,234
9235,43,15,239
4786,33,12,316
5209,22,7,125
8460,27,9,243
7563,40,5,326
4139,27,8,219
7213,22,5,197
4635,40,7,288
4980,24,5,120
8293,15,7,303
9751,20,9,122
5336,27,10,328
9987,15,6,158
9734,45,10,150
9401,26,4,163
9984,36,9,314
7125,30,13,346
5495,29,8,121
8040,38,11,131
5375,20,11,174
4883,31,12,183
8870,44,9,312
8618,34,12,118
4272,21,11,164
8861,36,14,242
7871,22,8,157
7642,30,9,193
8764,40,12,197
5373,27,3,271
4992,34,11,335
5699,34,10,225
4608,15,6,195
5739,31,4,320
5146,40,14,350
7239,37,9,286
9226,24,11,323
8347,20,15,334
6877,40,6,303
4357,31,5,135
8602,40,10,231
7852,16,3,279
6935,43,4,126
5652,16,7,349
8788,23,15,318
6155,44,6,161
5326,33,11,340
7489,33,5,202
8924,40,15,168
8546,43,15,200
7591,28,3,324
9692,28,9,175
4449,40,5,305
5459,24,4,345
4246,37,4,344
7406,36,13,207
9628,17,15,260
8345,31,15,283
6699,40,9,288
6582,37,5,293
9225,29,14,201
8769,45,4,234
4290,17,4,344
4607,36,8,270
5515,37,9,208
9076,35,14,145
8022,40,4,215
8613,25,9,263
9283,29,15,230
4922,41,6,302
7200,30,5,341
8778,41,6,138
6578,40,13,200
8497,45,7,226
5248,42,6,340
9490,39,9,250
5799,26,11,162
6307,38,6,235
7686,15,3,228
6461,36,11,289
6681,36,8,126
9324,24,7,182
7287,42,4,324
5660,40,10,319
7651,20,9,332
7598,35,6,137
7394,31,9,330
6495,36,6,180
4241,44,8,307
7158,45,15,176
8613,43,7,334
6330,36,11,239
8811,19,3,178
4624,37,12,197
6775,20,11,118
4845,43,5,179
9519,41,9,185
5434,35,12,312
6356,39,6,342
6134,28,8,202
6048,16,12,202
6703,22,14,329
4468,25,5,252
4582,40,3,258
9709,37,8,241
9236,31,8,337
5746,31,10,143
4313,20,8,153
6340,23,15,319
9018,37,4,233
7592,34,4,233
6913,25,13,249
5687,33,4,193
4558,39,11,349
5538,15,4,317
7602,31,8,165
8045,32,6,127
8669,33,10,283
5769,31,15,141
9454,28,14,338
6528,28,3,344
8106,16,14,162
4102,26,3,241
4298,40,4,229
9297,44,8,163
9365,40,12,286
9288,17,5,173
8584,17,12,206
7745,24,14,154
7036,41,10,246
6077,19,8,223
9257,15,8,130
5112,43,12,299
4793,22,10,176
7283,27,9,325
9361,16,10,150
4544,29,15,275
6521,34,5,337
6817,18,13,332
5738,36,3,131
5073,33,11,174
6118,35,11,350
9794,42,15,231
5029,42,15,324
6120,24,6,284
9201,21,15,276
5194,19,8,256
5393,26,7,215
5103,29,3,186
5298,20,13,222
4613,20,15,133
5329,38,8,274
9271,20,14,210
9588,25,11,189
4826,26,3,244
6990,40,4,224
5209,29,13,177
5322,37,7,167
6436,39,3,222
7714,31,4,196
7145,35,6,322
9018,25,10,280
6356,29,15,179
4767,35,12,274
6577,24,9,120
7542,43,7,245
5700,35,8,281
7919,24,11,335
9952,19,13,142
4102,37,5,221
4904,37,10,221
6916,32,10,283
6079,40,15,327
9062,18,4,212
8478,26,6,302
5368,36,6,154
8174,44,15,263
9497,19,6,269
5637,22,12,322
6970,20,11,120
6880,39,11,146
6613,19,4,350
6895,34,4,146
8086,18,4,220
7470,37,10,131
4736,35,10,311
7400,19,8,134
6462,31,10,211
4834,28,8,132
8504,28,12,308
6603,44,15,208
4068,28,11,317
6522,19,14,190
4894,34,7,177
6421,36,12,234
5282,27,3,165
9883,28,9,253
6624,33,11,313
4175,36,6,195
5161,45,3,301
9244,19,10,211
6931,27,3,158
5447,24,4,128
4223,23,15,209
4422,27,14,210
5409,27,4,297
4813,35,11,209
7797,38,7,123
6133,23,4,241
6606,38,13,325
7217,22,7,206
7269,30,11,281
6693,33,13,224
7922,16,10,323
9043,35,10,280
8452,38,12,306
7145,22,11,265
6413,18,8,278
5649,38,8,184
8096,45,12,267
9237,44,4,253
9910,26,11,286
8786,31,12,134
8494,36,6,155
9178,45,14,128
4447,35,13,225
5733,20,4,254
5136,20,15,302
9677,38,8,277
6708,44,6,284
6330,24,3,337
7391,44,14,304
4013,43,7,153
7175,18,14,264
9006,29,11,219
7870,44,9,285
6510,40,3,270
9582,26,10,157
6894,16,10,118
6173,31,13,284
8338,33,14,176
5327,41,5,145
4382,24,10,133
8784,16,13,192
7663,33,9,325
7342,33,8,187
6560,28,3,337
7565,24,7,239
4746,41,8,351
8478,17,15,333
9455,27,6,278
9887,27,15,325
5293,25,11,304
4428,22,6,246
5928,20,9,247
6370,40,7,306
7277,25,4,219
6378,43,15,147
7710,15,13,238
6189,41,14,142
6134,31,10,168
4743,42,15,254
8165,22,15,135
7715,43,12,304
4493,38,13,305
4634,26,12,161
9907,20,6,175
8713,37,11,226
4848,26,10,144
4698,38,12,322
5104,23,10,166
5830,31,6,154
7054,23,3,217
8194,27,12,266
6950,44,11,288
4707,38,6,251
7837,34,15,311
5287,37,6,192
6729,38,4,172
6402,20,11,262
9685,28,10,339
4444,31,3,249
4908,17,5,331
8190,36,3,232
9825,22,7,324
8824,45,8,192
9037,28,6,118
8757,18,13,251
5099,29,5,216
4330,23,12,137
6150,27,14,206
7967,19,15,153
8983,24,12,256
7754,40,5,198
7892,34,14,336
8718,42,5,157
4186,24,7,248
8790,36,3,144
5267,33,13,193
6563,38,6,271
4399,33,12,279
8066,35,7,326
8717,17,10,259
8123,28,13,181
9177,41,10,125
8382,30,14,153
8324,15,11,175
6548,16,13,286
4085,32,7,252
6715,20,10,188
7880,22,4,336
6706,36,9,343
7372,15,8,141
7078,19,8,200
7320,34,8,213
5135,29,3,280
9217,37,8,270
5900,24,12,124
8854,26,13,313
8437,16,12,243
7682,37,8,128
9713,16,11,197
8587,19,6,340
5517,26,14,213
5787,35,5,183
4929,20,14,275
5689,18,11,279
6877,31,12,153
6079,35,4,167
9931,37,12,148
7581,40,10,321
8226,22,11,119
8533,41,8,304
9217,45,10,123
8087,36,5,154
7207,30,6,250
6428,25,3,118
6219,23,7,155
7936,20,14,228
7834,30,14,322
9546,45,6,284
6141,32,3,225
6926,38,4,166
8476,22,14,279
5235,43,13,120
6944,15,5,220
5479,39,14,251
4949,28,5,217
4190,27,12,153
8077,42,7,192
4671,44,10,148
4275,19,3,193
4044,26,12,326
6783,21,11,179
5887,39,13,325
6869,26,15,296
8601,43,15,173
7314,15,13,281
8350,27,3,208
5119,15,13,293
4743,42,7,349
9636,16,6,251
8273,28,11,350
6131,19,15,154
5399,16,8,186
4446,26,7,151
6289,33,14,231
4918,30,3,201
8690,20,11,267
4233,37,13,211
8854,34,9,150
7333,28,11,153
7276,15,15,143
9317,25,6,294
8814,44,3,157
5404,24,8,298
8848,17,9,212
4977,21,10,319
4630,25,4,343
9714,44,5,275
6747,22,13,133
9333,27,3,144
8044,27,9,210
5155,40,6,133
7833,39,6,296
5932,45,6,340
7394,44,7,276
7748,19,9,158
5370,19,9,308
4291,36,5,252
7373,43,15,181
8046,36,6,199
9950,24,7,241
7061,33,15,194
5490,43,10,316
6484,44,13,161
6967,36,14,134
8738,44,13,189
4315,34,9,333
7654,32,13,224
9291,26,3,323
8011,40,4,291
9402,27,3,286
6483,41,4,345
4763,27,3,305
8286,36,11,276
8340,21,6,122
7952,36,15,180
4531,21,9,308
9893,39,8,286
7537,37,4,129
4548,17,9,141
7737,39,13,144
4824,27,15,268
8908,18,9,247
4974,30,6,311
6484,26,8,201
9607,16,13,186
6055,23,9,240
6119,20,7,251
4564,41,10,176
4053,40,10,144
6656,43,11,185
5270,44,13,206
9131,20,3,148
4234,33,14,289
7240,43,15,349
4838,32,6,124
7112,19,8,153
5435,40,9,161
6171,31,8,280
5148,37,9,311
8190,20,4,230
5471,42,13,175
4771,17,7,208
9574,22,11,295
4246,21,6,289
6597,18,4,127
7210,31,10,162
4053,33,3,152
9245,31,10,328
7405,27,15,293
6536,23,9,218
8284,16,8,282
7536,16,6,167
8064,31,10,191
6977,15,7,305
8434,22,13,170
7039,30,3,133
4899,44,5,243
5414,35,13,263
8282,31,3,285
7964,39,14,270
7961,25,13,202
9599,18,9,296
7641,35,15,249
9437,25,5,270
6593,25,4,158
7087,36,3,321
5921,38,8,323
7846,15,14,193
7832,40,7,250
4021,34,13,159
6791,42,7,157
4325,45,7,280
9056,21,15,210
7288,34,7,232
8468,18,5,138
7807,34,3,226
9226,36,14,134
5817,36,6,227
6904,21,13,165
8393,25,13,284
8908,23,4,294
4304,27,8,286
8595,41,7,176
6358,20,12,247
6198,28,3,127
8807,32,13,182
4355,21,10,143
5996,37,5,218
6500,20,5,234
4505,45,11,198
7793,31,6,312
7736,32,6,210
5439,33,13,307
7649,18,15,175
5604,16,6,140
6972,29,7,240
4562,43,6,183
4239,38,11,141
8769,18,12,252
8829,18,8,342
7234,29,10,275
6092,36,6,241
4845,22,6,311
9701,27,3,200
7321,15,12,143
4766,18,14,213
9179,38,12,285
9788,16,10,144
8011,39,7,207
9449,26,9,230
6400,28,6,214
7537,30,6,298
4086,21,13,222
6589,20,12,245
7038,16,10,278
6942,29,13,233
8427,29,10,125
8881,30,4,153
7539,37,6,234
4823,28,10,141
6255,34,14,136
7803,22,15,172
5178,16,15,318
9910,26,15,233
5742,42,3,279
8020,18,4,283
4650,18,10,152
5692,41,3,275
5046,28,13,247
7164,42,3,311
5061,41,6,255
4102,21,13,304
6074,40,5,154
9955,20,15,270
5658,44,12,220
9022,32,6,203
4264,15,3,141
5565,35,4,291
4270,36,6,158
4500,42,14,243
8722,41,13,337
8375,42,15,283
7806,27,9,234
7589,26,5,316
7138,31,10,228
4272,44,13,281
4933,22,14,157
4675,39,7,131
5552,39,9,175
8977,31,5,123
7542,39,5,205
4850,25,7,244
8036,45,3,234
8717,25,5,190
9118,17,7,302
9213,33,6,223
5094,34,4,236
4544,19,5,253
7297,18,10,185
6803,35,15,305
4414,39,14,305
8855,15,12,189
8249,19,10,194
9991,45,9,241
7183,34,15,345
9713,28,7,275
7195,42,15,332
4666,34,13,337
5977,45,5,322
7674,36,10,270
6479,44,15,242
8254,16,9,189
5778,15,11,224
8781,16,13,210
8414,40,9,131
9054,29,12,275
8693,18,11,187
9854,27,4,121
8289,36,12,119
4272,23,9,140
5569,29,12,246
5322,44,13,176
7680,18,14,196
5135,43,9,312
4982,25,4,172
4292,21,15,213
4789,18,4,204
7672,43,6,203
8987,30,14,213
7815,23,6,133
9632,15,12,178
8101,30,10,166
5234,40,3,267
7075,20,14,344
7973,18,8,205
5182,17,15,272
7332,38,10,161
9293,30,10,223
9494,35,6,334
8144,40,10,201
7271,28,15,174
8175,29,12,172
9152,15,12,210
7014,45,3,171
5299,36,14,203
7397,37,9,217
8659,38,3,322
8439,34,12,188
5908,27,10,336
9993,33,3,242
4879,38,13,222
7505,37,14,160
5769,15,14,342
7181,41,4,192
5400,17,4,210
8993,41,6,214
6590,29,3,150
4661,16,12,251
5675,23,4,252
8034,40,14,123
4023,40,7,195
7052,16,15,216
6212,28,5,238
8376,37,9,166
8308,40,12,237
7315,33,15,347
8425,22,14,279
5202,44,3,307
6340,37,12,162
5102,44,11,341
9629,29,13,141
6148,27,11,162
6704,20,10,273
5125,42,13,301
5851,18,4,342
6256,35,15,260
5098,32,8,159
5541,29,7,312
7498,35,3,265
5619,39,5,257
6133,35,3,337
8490,43,13,179
5062,18,15,165
7898,28,8,185
9647,35,7,209
7855,19,9,229
4714,34,6,165
6545,42,13,237
4130,19,7,317
7766,33,14,209
9234,42,9,186
6338,38,5,286
7261,43,8,237
8160,24,4,191
7769,19,3,137
7083,29,13,222
8702,31,5,274
4727,25,14,207
9170,29,6,150
6822,33,14,253
4181,37,3,322
6330,37,13,296
7675,38,6,152
4460,40,4,182
7632,30,6,250
9119,33,8,118
6361,21,14,213
9551,34,10,335
6528,30,9,298
4991,30,5,338
8277,23,10,147
5792,39,4,203
8765,40,5,295
9343,40,10,273
9997,36,3,144
5036,29,3,213
8617,37,8,322
4893,23,7,118
6423,43,9,241
8256,35,10,214
5510,43,13,256
6260,15,8,313
4080,33,14,130
5978,33,14,141
6197,41,12,299
5702,43,13,126
8476,25,3,336
6461,27,15,307
9949,17,6,231
7040,20,4,349
4899,37,7,117
7419,24,3,178
4577,33,7,117
9201,45,7,301
7509,17,10,194
6431,34,11,131
5817,41,13,257
6431,29,10,235
4022,44,9,117
4983,31,14,297
6621,40,11,182
8219,15,14,292
7930,23,4,122
7346,45,7,221
5834,33,9,343
6413,41,8,285
6642,32,8,169
9161,18,3,347
8241,15,4,291
4604,22,14,220
7497,19,7,244
7889,25,10,210
7733,19,5,292
9537,18,14,327
6287,28,10,117
7294,36,12,240
4351,35,5,215
4461,42,7,228
7068,41,10,128
4453,23,11,213
5768,23,4,263
9928,43,13,287
4113,18,9,180
4698,36,9,157
6763,39,4,236
6664,15,12,310
8584,25,5,206
5191,45,9,193
9792,18,12,279
8470,18,8,302
6134,36,4,156
5940,19,11,251
5919,17,7,154
9758,21,10,196
4149,30,9,161
6569,39,15,254
9956,34,10,244
7003,33,4,345
9168,16,14,314
4709,45,13,300
5372,45,9,154
5222,26,6,340
8897,21,9,201
4585,30,6,150
7212,36,4,333
8693,20,3,329
4578,29,6,273
8626,31,10,156
7196,40,9,320
4390,32,11,283
4595,28,15,262
9983,40,10,189
8007,30,14,351
9344,18,9,304
7953,43,14,175
8037,24,11,351
6200,28,9,309
9563,33,4,134
5388,29,14,184
7523,44,14,198
4073,16,9,144
8438,26,8,271
9391,24,14,256
8108,35,8,336
8537,39,15,166
8811,19,4,349
6878,28,5,294
4831,38,10,167
8230,28,13,351
6404,23,9,282
9628,33,8,157
4970,16,15,174
4878,18,12,328
8400,27,14,295
9861,21,12,307
7927,34,12,297
9194,27,6,308
9687,32,8,213
7908,36,3,268
8255,30,4,215
7140,16,13,289
8244,28,14,279
6262,31,6,165
8578,44,14,143
7346,15,13,323
6035,24,12,289
9003,36,9,347
5753,36,6,185
6331,36,14,263
9484,23,3,306
5840,33,6,322
4895,41,12,280
8636,18,10,150
4138,36,6,260
7291,36,3,263
6140,26,4,337
4420,39,15,306
6689,45,3,258
8230,37,15,213
4277,22,3,259
4679,26,15,155
4340,36,7,205
5187,36,13,185
9590,16,3,296
4511,24,7,340
8737,35,4,200
8828,45,9,296
8591,21,13,143
9899,45,5,127
8833,15,12,187
8288,45,9,264
6172,36,14,258
7739,39,12,304
8355,19,12,330
7437,37,6,319
6619,24,11,209
4632,43,6,137
9504,43,9,336
9653,34,5,156
4175,29,13,350
4681,34,12,208
8724,43,12,334
4667,43,3,198
6088,32,15,228
4613,24,14,153
7438,43,7,237
9813,20,11,172
6435,44,10,231
7707,41,3,134
7017,45,4,351
7168,36,15,330
6495,31,12,168
6564,23,14,201
5715,33,7,227
6379,35,5,323
5516,33,3,262
8699,20,7,270
8090,27,5,123
6278,21,8,334
8082,19,14,131
4385,32,12,201
5583,24,6,244
4798,25,6,275
7729,20,5,330
7141,33,12,229
7721,31,5,278
8835,30,6,126
8932,22,10,326
6844,40,13,124
4165,20,5,294
8292,45,14,350
9171,37,5,142
7188,41,8,231
8011,19,7,270
6394,38,15,315
9620,40,13,342
6796,31,8,214
9888,45,5,341
7368,25,13,147
6717,22,8,181
4881,30,8,192
9024,41,5,124
9734,35,10,302
7728,20,14,165
5795,29,12,154
4857,23,3,257
7983,23,15,347
7181,39,15,149
6051,25,5,332
8088,28,13,274
8116,45,4,322
6296,15,12,193
5460,33,8,262
8371,45,11,226
4739,42,12,133
4253,29,14,211
5265,43,4,201
4384,20,14,141
4291,33,13,342
4154,32,11,260
8886,26,11,222
9312,43,15,218
7526,19,13,240
8824,32,5,169
4377,28,9,141
4700,16,10,237
6654,15,11,334
5240,15,15,207
8333,30,10,182
6158,23,15,324
8841,44,14,177
9308,17,3,347
9124,41,4,346
5481,38,9,132
6249,28,6,266
6305,44,12,147
9376,41,15,299
8073,20,3,158
5237,15,15,294
6731,41,3,208
5913,36,15,162
8277,16,5,175
4586,36,4,326
4071,45,15,181
9022,23,3,337
8285,38,5,247
4566,44,5,197
5948,19,6,266
4498,40,9,193
5478,44,14,248
9428,20,3,252
6417,43,14,155
7419,22,5,279
4764,41,4,235
6231,17,7,296
4307,32,4,289
9442,24,11,134
7637,37,7,335
5841,40,4,351
5498,28,5,150
4836,45,5,178
6443,29,7,270
5698,43,9,205
6148,28,7,296
5417,38,7,329
5198,24,14,299
4501,31,4,125
5843,17,10,145
7789,42,5,126
6174,37,7,150
7777,17,10,285
4357,20,11,146
8810,45,4,211
6702,24,10,234
8112,22,13,341
5873,27,7,149
6526,16,8,187
8599,16,5,283
5441,27,11,283
5205,15,14,170
8463,18,7,292
5308,29,8,349
5950,41,15,145
7977,29,6,237
7180,34,5,260
6640,25,3,151
5622,32,8,328
6827,35,13,252
9118,45,9,138
8378,30,5,134
9713,19,13,321
6718,28,7,239
7799,35,12,282
8968,27,3,131
7464,41,11,249
6774,28,6,159
8632,29,12,334
5394,32,6,299
9064,16,3,279
8588,24,14,318
7108,20,8,276
5172,26,14,225
9751,42,7,311
8633,35,11,346
5848,16,15,275
9740,30,6,235
5214,30,10,252
7078,33,5,192
6523,35,13,314
9042,35,15,327
6732,34,12,120
4982,18,7,146
8574,19,7,347
4660,36,15,304
6688,34,11,334
8183,30,12,133
9985,35,5,265
7580,30,13,294
4466,23,13,326
9154,22,14,156
4250,21,12,331
9205,23,12,144
8948,43,9,295
5576,39,6,273
5836,36,4,275
4522,44,13,171
9084,38,11,130
9629,40,14,134
8766,23,10,333
4085,18,14,230
6081,41,3,124
4900,31,8,175
5001,32,13,189
9891,24,14,160
4073,44,7,170
5107,21,9,260
5524,25,15,317
4308,23,15,221
7648,16,8,127
9312,44,6,315
5136,44,7,217
8636,35,4,258
9361,24,6,147
7014,23,14,237
8003,33,11,144
4911,34,12,248
9638,41,11,188
4292,33,13,239
8855,18,7,214
9671,32,15,191
4033,32,5,175
5864,33,4,311
8502,32,4,336
5908,22,11,310
8945,38,12,174
4907,35,14,128
6133,36,15,240
6625,41,4,277
6888,31,12,326
8448,29,14,245
6963,26,10,337
5466,41,9,153
6817,26,6,243
6635,21,11,281
8865,22,10,203
4573,39,9,141
8798,20,13,215
4114,36,12,207
8546,17,6,191
6960,33,15,221
5339,26,5,296
7806,41,6,167
7886,19,14,310
8668,35,11,195
8122,45,14,296
5842,25,8,330
9642,25,10,289
5806,18,11,203
5843,18,14,184
9171,33,3,345
8210,25,13,243
4619,16,7,233
6460,41,13,339
9478,18,8,349
5180,25,6,129
4705,36,3,277
8425,44,6,345
8418,31,10,309
7545,37,6,303
6793,33,12,239
9578,33,8,332
6391,25,9,188
6061,41,13,186
4327,22,3,218
5265,39,8,177
8642,27,12,273
6278,39,15,299
9736,20,10,306
4405,40,9,161
4988,44,15,318
9376,33,3,190
6188,42,7,316
9552,20,13,199
9967,41,10,272
8025,35,14,305
9699,36,9,175
4170,30,10,226
4086,25,13,316
4153,38,13,235
8562,30,13,267
7182,32,8,283
7949,31,3,245
6310,17,12,339
4569,42,5,238
5259,35,9,182
5986,32,6,256
9375,31,3,157
8191,45,4,294
5204,27,9,319
5112,19,14,203
9169,37,14,322
8179,29,9,333
5891,37,13,305
6941,17,9,185
5563,44,15,270
5715,40,5,216
8701,24,7,289
5344,21,7,161
8942,43,10,233
5136,44,6,213
5113,26,6,190
6499,33,8,269
5790,17,7,318
7553,35,12,176
5027,41,4,313
6675,22,5,156
8820,18,14,198
6252,32,8,312
7590,24,15,215
5008,29,6,150
9069,23,13,162
7075,30,8,130
5916,15,3,177
4826,30,8,126
9728,28,6,259
4686,19,13,279
6747,35,8,289
6413,18,11,214
6843,33,15,169
4806,41,10,258
6535,26,7,187
8690,21,10,125
6627,31,6,119
7098,18,9,291
7309,44,6,274
7149,43,5,130
8352,38,13,346
7579,37,6,263
6949,35,3,249
7923,21,5,213
6791,17,12,132
5433,30,10,164
6924,18,8,254
6625,33,13,320
8993,28,5,231
6482,34,4,232
5320,16,14,196
9192,44,3,124
5717,16,6,234
4246,24,10,314
7922,27,10,134
7064,38,13,242
8308,30,14,226
9069,45,10,345
5657,33,12,128
8459,36,14,167
5256,28,8,173
7136,20,10,236
8312,44,8,296
7564,27,5,305
9033,26,6,142
4959,32,14,162
4419,29,3,159
9369,33,6,161
6784,33,8,271
5666,18,14,320
4409,15,8,191
7573,20,11,344
9847,18,7,209
4286,16,13,323
7652,34,6,274
5632,17,3,351
8111,41,3,232
9981,32,15,229
8626,33,6,120
6437,19,9,299
9684,44,3,239
5582,34,7,186
6044,44,4,327
8157,40,6,264
6398,15,9,240
5042,35,15,330
7074,33,7,224
8821,15,12,207
9761,39,6,150
8068,42,4,153
6092,20,4,137
7622,39,11,243
8933,27,5,346
5986,19,14,295
4318,39,7,133
9611,26,6,270
5716,39,8,329
5197,18,14,145
8267,32,9,249
6698,21,14,337
9055,34,7,168
8111,43,4,150
5639,40,7,223
8384,21,10,277
9258,41,7,189
9206,43,14,257
8053,38,14,287
